-- phpMyAdmin SQL Dump
-- version 5.2.1
-- https://www.phpmyadmin.net/
--
-- Host: 127.0.0.1
-- Waktu pembuatan: 24 Apr 2025 pada 20.21
-- Versi server: 10.4.32-MariaDB
-- Versi PHP: 8.2.12

SET SQL_MODE = "NO_AUTO_VALUE_ON_ZERO";
START TRANSACTION;
SET time_zone = "+00:00";


/*!40101 SET @OLD_CHARACTER_SET_CLIENT=@@CHARACTER_SET_CLIENT */;
/*!40101 SET @OLD_CHARACTER_SET_RESULTS=@@CHARACTER_SET_RESULTS */;
/*!40101 SET @OLD_COLLATION_CONNECTION=@@COLLATION_CONNECTION */;
/*!40101 SET NAMES utf8mb4 */;

--
-- Database: `fix`
--

-- --------------------------------------------------------

--
-- Struktur dari tabel `bookings`
--

CREATE TABLE `bookings` (
  `id` bigint(20) UNSIGNED NOT NULL,
  `user_id` bigint(20) UNSIGNED NOT NULL,
  `field_id` bigint(20) UNSIGNED NOT NULL,
  `booking_date` date NOT NULL,
  `start_time` time NOT NULL,
  `end_time` time NOT NULL,
  `status` enum('pending','confirmed','cancelled','completed') NOT NULL DEFAULT 'pending',
  `price` decimal(10,2) NOT NULL DEFAULT 0.00,
  `created_at` timestamp NULL DEFAULT NULL,
  `updated_at` timestamp NULL DEFAULT NULL
) ENGINE=InnoDB DEFAULT CHARSET=utf8mb4 COLLATE=utf8mb4_unicode_ci;

--
-- Dumping data untuk tabel `bookings`
--

INSERT INTO `bookings` (`id`, `user_id`, `field_id`, `booking_date`, `start_time`, `end_time`, `status`, `price`, `created_at`, `updated_at`) VALUES
(1, 3, 1, '2025-04-26', '21:00:00', '22:00:00', 'confirmed', 0.00, '2025-04-24 10:17:13', '2025-04-24 10:17:13'),
(2, 3, 1, '2025-05-03', '21:00:00', '22:00:00', 'confirmed', 0.00, '2025-04-24 10:17:13', '2025-04-24 10:17:13'),
(3, 3, 1, '2025-05-10', '21:00:00', '22:00:00', 'confirmed', 0.00, '2025-04-24 10:17:13', '2025-04-24 10:17:13'),
(4, 3, 1, '2025-05-17', '21:00:00', '22:00:00', 'confirmed', 0.00, '2025-04-24 10:17:13', '2025-04-24 10:17:13'),
(5, 5, 1, '2025-04-27', '19:00:00', '20:00:00', 'confirmed', 0.00, '2025-04-24 11:19:27', '2025-04-24 11:19:27'),
(6, 5, 1, '2025-05-04', '19:00:00', '20:00:00', 'confirmed', 0.00, '2025-04-24 11:19:27', '2025-04-24 11:19:27'),
(7, 5, 1, '2025-05-11', '19:00:00', '20:00:00', 'confirmed', 0.00, '2025-04-24 11:19:27', '2025-04-24 11:19:27'),
(8, 5, 1, '2025-05-18', '19:00:00', '20:00:00', 'confirmed', 0.00, '2025-04-24 11:19:27', '2025-04-24 11:19:27'),
(9, 5, 1, '2025-05-25', '19:00:00', '20:00:00', 'confirmed', 0.00, '2025-04-24 11:19:27', '2025-04-24 11:19:27'),
(10, 5, 1, '2025-06-01', '19:00:00', '20:00:00', 'confirmed', 0.00, '2025-04-24 11:19:27', '2025-04-24 11:19:27'),
(11, 5, 1, '2025-06-08', '19:00:00', '20:00:00', 'confirmed', 0.00, '2025-04-24 11:19:27', '2025-04-24 11:19:27'),
(12, 5, 1, '2025-06-15', '19:00:00', '20:00:00', 'confirmed', 0.00, '2025-04-24 11:19:27', '2025-04-24 11:19:27'),
(13, 5, 1, '2025-06-22', '19:00:00', '20:00:00', 'confirmed', 0.00, '2025-04-24 11:19:27', '2025-04-24 11:19:27');

-- --------------------------------------------------------

--
-- Struktur dari tabel `cache`
--

CREATE TABLE `cache` (
  `key` varchar(255) NOT NULL,
  `value` mediumtext NOT NULL,
  `expiration` int(11) NOT NULL
) ENGINE=InnoDB DEFAULT CHARSET=utf8mb4 COLLATE=utf8mb4_unicode_ci;

--
-- Dumping data untuk tabel `cache`
--

INSERT INTO `cache` (`key`, `value`, `expiration`) VALUES
('356a192b7913b04c54574d18c28d46e6395428ab', 'i:2;', 1745513465),
('356a192b7913b04c54574d18c28d46e6395428ab:timer', 'i:1745513465;', 1745513465),
('livewire-rate-limiter:a17961fa74e9275d529f489537f179c05d50c2f3', 'i:1;', 1745508321),
('livewire-rate-limiter:a17961fa74e9275d529f489537f179c05d50c2f3:timer', 'i:1745508321;', 1745508321);

-- --------------------------------------------------------

--
-- Struktur dari tabel `cache_locks`
--

CREATE TABLE `cache_locks` (
  `key` varchar(255) NOT NULL,
  `owner` varchar(255) NOT NULL,
  `expiration` int(11) NOT NULL
) ENGINE=InnoDB DEFAULT CHARSET=utf8mb4 COLLATE=utf8mb4_unicode_ci;

-- --------------------------------------------------------

--
-- Struktur dari tabel `failed_jobs`
--

CREATE TABLE `failed_jobs` (
  `id` bigint(20) UNSIGNED NOT NULL,
  `uuid` varchar(255) NOT NULL,
  `connection` text NOT NULL,
  `queue` text NOT NULL,
  `payload` longtext NOT NULL,
  `exception` longtext NOT NULL,
  `failed_at` timestamp NOT NULL DEFAULT current_timestamp()
) ENGINE=InnoDB DEFAULT CHARSET=utf8mb4 COLLATE=utf8mb4_unicode_ci;

-- --------------------------------------------------------

--
-- Struktur dari tabel `fields`
--

CREATE TABLE `fields` (
  `id` bigint(20) UNSIGNED NOT NULL,
  `name` varchar(255) NOT NULL COMMENT 'Nama Lapangan',
  `type` enum('Sintetis','Vynil') NOT NULL DEFAULT 'Sintetis' COMMENT 'Tipe Lapangan',
  `price` double NOT NULL DEFAULT 0 COMMENT 'Harga (Rp)',
  `image` varchar(255) DEFAULT NULL COMMENT 'Gambar Lapangan',
  `created_at` timestamp NULL DEFAULT NULL,
  `updated_at` timestamp NULL DEFAULT NULL
) ENGINE=InnoDB DEFAULT CHARSET=utf8mb4 COLLATE=utf8mb4_unicode_ci;

--
-- Dumping data untuk tabel `fields`
--

INSERT INTO `fields` (`id`, `name`, `type`, `price`, `image`, `created_at`, `updated_at`) VALUES
(1, 'Lapangan A', 'Sintetis', 150000, 'fields/01JSMB9ZZBR3TF0EE0EV46KFHY.jpg', '2025-04-24 09:50:14', '2025-04-24 09:50:14'),
(2, 'Lapangan B', 'Vynil', 130000, 'fields/01JSMBB49AMNR806A0W0Y2HTX4.jpg', '2025-04-24 09:50:51', '2025-04-24 09:50:51');

-- --------------------------------------------------------

--
-- Struktur dari tabel `jobs`
--

CREATE TABLE `jobs` (
  `id` bigint(20) UNSIGNED NOT NULL,
  `queue` varchar(255) NOT NULL,
  `payload` longtext NOT NULL,
  `attempts` tinyint(3) UNSIGNED NOT NULL,
  `reserved_at` int(10) UNSIGNED DEFAULT NULL,
  `available_at` int(10) UNSIGNED NOT NULL,
  `created_at` int(10) UNSIGNED NOT NULL
) ENGINE=InnoDB DEFAULT CHARSET=utf8mb4 COLLATE=utf8mb4_unicode_ci;

-- --------------------------------------------------------

--
-- Struktur dari tabel `job_batches`
--

CREATE TABLE `job_batches` (
  `id` varchar(255) NOT NULL,
  `name` varchar(255) NOT NULL,
  `total_jobs` int(11) NOT NULL,
  `pending_jobs` int(11) NOT NULL,
  `failed_jobs` int(11) NOT NULL,
  `failed_job_ids` longtext NOT NULL,
  `options` mediumtext DEFAULT NULL,
  `cancelled_at` int(11) DEFAULT NULL,
  `created_at` int(11) NOT NULL,
  `finished_at` int(11) DEFAULT NULL
) ENGINE=InnoDB DEFAULT CHARSET=utf8mb4 COLLATE=utf8mb4_unicode_ci;

-- --------------------------------------------------------

--
-- Struktur dari tabel `memberships`
--

CREATE TABLE `memberships` (
  `id` bigint(20) UNSIGNED NOT NULL,
  `name` varchar(255) NOT NULL,
  `price` decimal(10,2) NOT NULL DEFAULT 0.00,
  `duration` int(11) NOT NULL DEFAULT 1 COMMENT 'Duration in days',
  `created_at` timestamp NULL DEFAULT NULL,
  `updated_at` timestamp NULL DEFAULT NULL
) ENGINE=InnoDB DEFAULT CHARSET=utf8mb4 COLLATE=utf8mb4_unicode_ci;

--
-- Dumping data untuk tabel `memberships`
--

INSERT INTO `memberships` (`id`, `name`, `price`, `duration`, `created_at`, `updated_at`) VALUES
(1, 'Fomo', 500000.00, 30, '2025-04-24 10:13:38', '2025-04-24 10:13:38'),
(2, 'Pemula', 800000.00, 60, '2025-04-24 10:14:17', '2025-04-24 10:14:17');

-- --------------------------------------------------------

--
-- Struktur dari tabel `migrations`
--

CREATE TABLE `migrations` (
  `id` int(10) UNSIGNED NOT NULL,
  `migration` varchar(255) NOT NULL,
  `batch` int(11) NOT NULL
) ENGINE=InnoDB DEFAULT CHARSET=utf8mb4 COLLATE=utf8mb4_unicode_ci;

--
-- Dumping data untuk tabel `migrations`
--

INSERT INTO `migrations` (`id`, `migration`, `batch`) VALUES
(1, '0001_01_01_000000_create_users_table', 1),
(2, '0001_01_01_000001_create_cache_table', 1),
(3, '0001_01_01_000002_create_jobs_table', 1),
(4, '2025_04_22_075138_create_fields_table', 1),
(5, '2025_04_22_092504_create_schedules_table', 1),
(6, '2025_04_23_232456_create_memberships_table', 1),
(7, '2025_04_24_070040_create_user_memberships_table', 1),
(8, '2025_04_24_125354_create_bookings_table', 1),
(9, '2025_04_24_220601_add_indexes_to_schedules_table', 1);

-- --------------------------------------------------------

--
-- Struktur dari tabel `password_reset_tokens`
--

CREATE TABLE `password_reset_tokens` (
  `email` varchar(255) NOT NULL,
  `token` varchar(255) NOT NULL,
  `created_at` timestamp NULL DEFAULT NULL
) ENGINE=InnoDB DEFAULT CHARSET=utf8mb4 COLLATE=utf8mb4_unicode_ci;

-- --------------------------------------------------------

--
-- Struktur dari tabel `schedules`
--

CREATE TABLE `schedules` (
  `id` bigint(20) UNSIGNED NOT NULL,
  `field_id` bigint(20) UNSIGNED NOT NULL,
  `start_time` datetime NOT NULL,
  `end_time` datetime NOT NULL,
  `status` enum('available','booked','maintenance') NOT NULL DEFAULT 'available',
  `booked_by_user_id` bigint(20) UNSIGNED DEFAULT NULL,
  `created_at` timestamp NULL DEFAULT NULL,
  `updated_at` timestamp NULL DEFAULT NULL
) ENGINE=InnoDB DEFAULT CHARSET=utf8mb4 COLLATE=utf8mb4_unicode_ci;

--
-- Dumping data untuk tabel `schedules`
--

INSERT INTO `schedules` (`id`, `field_id`, `start_time`, `end_time`, `status`, `booked_by_user_id`, `created_at`, `updated_at`) VALUES
(1, 1, '2025-04-24 08:00:00', '2025-04-24 09:00:00', 'available', NULL, '2025-04-24 10:11:13', '2025-04-24 10:11:13'),
(2, 1, '2025-04-24 09:00:00', '2025-04-24 10:00:00', 'available', NULL, '2025-04-24 10:11:13', '2025-04-24 10:11:13'),
(3, 1, '2025-04-24 10:00:00', '2025-04-24 11:00:00', 'available', NULL, '2025-04-24 10:11:13', '2025-04-24 10:11:13'),
(4, 1, '2025-04-24 11:00:00', '2025-04-24 12:00:00', 'available', NULL, '2025-04-24 10:11:13', '2025-04-24 10:11:13'),
(5, 1, '2025-04-24 12:00:00', '2025-04-24 13:00:00', 'available', NULL, '2025-04-24 10:11:13', '2025-04-24 10:11:13'),
(6, 1, '2025-04-24 13:00:00', '2025-04-24 14:00:00', 'available', NULL, '2025-04-24 10:11:13', '2025-04-24 10:11:13'),
(7, 1, '2025-04-24 14:00:00', '2025-04-24 15:00:00', 'available', NULL, '2025-04-24 10:11:13', '2025-04-24 10:11:13'),
(8, 1, '2025-04-24 15:00:00', '2025-04-24 16:00:00', 'available', NULL, '2025-04-24 10:11:13', '2025-04-24 10:11:13'),
(9, 1, '2025-04-24 16:00:00', '2025-04-24 17:00:00', 'available', NULL, '2025-04-24 10:11:13', '2025-04-24 10:11:13'),
(10, 1, '2025-04-24 17:00:00', '2025-04-24 18:00:00', 'available', NULL, '2025-04-24 10:11:13', '2025-04-24 10:11:13'),
(11, 1, '2025-04-24 18:00:00', '2025-04-24 19:00:00', 'available', NULL, '2025-04-24 10:11:13', '2025-04-24 10:11:13'),
(12, 1, '2025-04-24 19:00:00', '2025-04-24 20:00:00', 'available', NULL, '2025-04-24 10:11:13', '2025-04-24 10:11:13'),
(13, 1, '2025-04-24 20:00:00', '2025-04-24 21:00:00', 'available', NULL, '2025-04-24 10:11:13', '2025-04-24 10:11:13'),
(14, 1, '2025-04-24 21:00:00', '2025-04-24 22:00:00', 'available', NULL, '2025-04-24 10:11:13', '2025-04-24 10:11:13'),
(15, 1, '2025-04-24 22:00:00', '2025-04-24 23:00:00', 'available', NULL, '2025-04-24 10:11:13', '2025-04-24 10:11:13'),
(16, 1, '2025-04-24 23:00:00', '2025-04-25 00:00:00', 'available', NULL, '2025-04-24 10:11:13', '2025-04-24 10:11:13'),
(17, 1, '2025-04-25 08:00:00', '2025-04-25 09:00:00', 'available', NULL, '2025-04-24 10:11:13', '2025-04-24 10:11:13'),
(18, 1, '2025-04-25 09:00:00', '2025-04-25 10:00:00', 'available', NULL, '2025-04-24 10:11:13', '2025-04-24 10:11:13'),
(19, 1, '2025-04-25 10:00:00', '2025-04-25 11:00:00', 'available', NULL, '2025-04-24 10:11:13', '2025-04-24 10:11:13'),
(20, 1, '2025-04-25 11:00:00', '2025-04-25 12:00:00', 'available', NULL, '2025-04-24 10:11:13', '2025-04-24 10:11:13'),
(21, 1, '2025-04-25 12:00:00', '2025-04-25 13:00:00', 'available', NULL, '2025-04-24 10:11:13', '2025-04-24 10:11:13'),
(22, 1, '2025-04-25 13:00:00', '2025-04-25 14:00:00', 'available', NULL, '2025-04-24 10:11:13', '2025-04-24 10:11:13'),
(23, 1, '2025-04-25 14:00:00', '2025-04-25 15:00:00', 'available', NULL, '2025-04-24 10:11:13', '2025-04-24 10:11:13'),
(24, 1, '2025-04-25 15:00:00', '2025-04-25 16:00:00', 'available', NULL, '2025-04-24 10:11:13', '2025-04-24 10:11:13'),
(25, 1, '2025-04-25 16:00:00', '2025-04-25 17:00:00', 'available', NULL, '2025-04-24 10:11:13', '2025-04-24 10:11:13'),
(26, 1, '2025-04-25 17:00:00', '2025-04-25 18:00:00', 'available', NULL, '2025-04-24 10:11:13', '2025-04-24 10:11:13'),
(27, 1, '2025-04-25 18:00:00', '2025-04-25 19:00:00', 'available', NULL, '2025-04-24 10:11:13', '2025-04-24 10:11:13'),
(28, 1, '2025-04-25 19:00:00', '2025-04-25 20:00:00', 'available', NULL, '2025-04-24 10:11:13', '2025-04-24 10:11:13'),
(29, 1, '2025-04-25 20:00:00', '2025-04-25 21:00:00', 'available', NULL, '2025-04-24 10:11:13', '2025-04-24 10:11:13'),
(30, 1, '2025-04-25 21:00:00', '2025-04-25 22:00:00', 'available', NULL, '2025-04-24 10:11:13', '2025-04-24 10:11:13'),
(31, 1, '2025-04-25 22:00:00', '2025-04-25 23:00:00', 'available', NULL, '2025-04-24 10:11:13', '2025-04-24 10:11:13'),
(32, 1, '2025-04-25 23:00:00', '2025-04-26 00:00:00', 'available', NULL, '2025-04-24 10:11:13', '2025-04-24 10:11:13'),
(33, 1, '2025-04-26 08:00:00', '2025-04-26 09:00:00', 'available', NULL, '2025-04-24 10:11:13', '2025-04-24 10:11:13'),
(34, 1, '2025-04-26 09:00:00', '2025-04-26 10:00:00', 'available', NULL, '2025-04-24 10:11:13', '2025-04-24 10:11:13'),
(35, 1, '2025-04-26 10:00:00', '2025-04-26 11:00:00', 'available', NULL, '2025-04-24 10:11:13', '2025-04-24 10:11:13'),
(36, 1, '2025-04-26 11:00:00', '2025-04-26 12:00:00', 'available', NULL, '2025-04-24 10:11:13', '2025-04-24 10:11:13'),
(37, 1, '2025-04-26 12:00:00', '2025-04-26 13:00:00', 'available', NULL, '2025-04-24 10:11:13', '2025-04-24 10:11:13'),
(38, 1, '2025-04-26 13:00:00', '2025-04-26 14:00:00', 'available', NULL, '2025-04-24 10:11:13', '2025-04-24 10:11:13'),
(39, 1, '2025-04-26 14:00:00', '2025-04-26 15:00:00', 'available', NULL, '2025-04-24 10:11:13', '2025-04-24 10:11:13'),
(40, 1, '2025-04-26 15:00:00', '2025-04-26 16:00:00', 'available', NULL, '2025-04-24 10:11:13', '2025-04-24 10:11:13'),
(41, 1, '2025-04-26 16:00:00', '2025-04-26 17:00:00', 'available', NULL, '2025-04-24 10:11:13', '2025-04-24 10:11:13'),
(42, 1, '2025-04-26 17:00:00', '2025-04-26 18:00:00', 'available', NULL, '2025-04-24 10:11:13', '2025-04-24 10:11:13'),
(43, 1, '2025-04-26 18:00:00', '2025-04-26 19:00:00', 'available', NULL, '2025-04-24 10:11:13', '2025-04-24 10:11:13'),
(44, 1, '2025-04-26 19:00:00', '2025-04-26 20:00:00', 'available', NULL, '2025-04-24 10:11:13', '2025-04-24 10:11:13'),
(45, 1, '2025-04-26 20:00:00', '2025-04-26 21:00:00', 'available', NULL, '2025-04-24 10:11:13', '2025-04-24 10:11:13'),
(46, 1, '2025-04-26 21:00:00', '2025-04-26 22:00:00', 'booked', NULL, '2025-04-24 10:11:13', '2025-04-24 10:17:13'),
(47, 1, '2025-04-26 22:00:00', '2025-04-26 23:00:00', 'available', NULL, '2025-04-24 10:11:13', '2025-04-24 10:11:13'),
(48, 1, '2025-04-26 23:00:00', '2025-04-27 00:00:00', 'available', NULL, '2025-04-24 10:11:13', '2025-04-24 10:11:13'),
(49, 1, '2025-04-27 08:00:00', '2025-04-27 09:00:00', 'available', NULL, '2025-04-24 10:11:13', '2025-04-24 10:11:13'),
(50, 1, '2025-04-27 09:00:00', '2025-04-27 10:00:00', 'available', NULL, '2025-04-24 10:11:13', '2025-04-24 10:11:13'),
(51, 1, '2025-04-27 10:00:00', '2025-04-27 11:00:00', 'available', NULL, '2025-04-24 10:11:13', '2025-04-24 10:11:13'),
(52, 1, '2025-04-27 11:00:00', '2025-04-27 12:00:00', 'available', NULL, '2025-04-24 10:11:13', '2025-04-24 10:11:13'),
(53, 1, '2025-04-27 12:00:00', '2025-04-27 13:00:00', 'available', NULL, '2025-04-24 10:11:13', '2025-04-24 10:11:13'),
(54, 1, '2025-04-27 13:00:00', '2025-04-27 14:00:00', 'available', NULL, '2025-04-24 10:11:13', '2025-04-24 10:11:13'),
(55, 1, '2025-04-27 14:00:00', '2025-04-27 15:00:00', 'available', NULL, '2025-04-24 10:11:13', '2025-04-24 10:11:13'),
(56, 1, '2025-04-27 15:00:00', '2025-04-27 16:00:00', 'available', NULL, '2025-04-24 10:11:13', '2025-04-24 10:11:13'),
(57, 1, '2025-04-27 16:00:00', '2025-04-27 17:00:00', 'available', NULL, '2025-04-24 10:11:13', '2025-04-24 10:11:13'),
(58, 1, '2025-04-27 17:00:00', '2025-04-27 18:00:00', 'available', NULL, '2025-04-24 10:11:13', '2025-04-24 10:11:13'),
(59, 1, '2025-04-27 18:00:00', '2025-04-27 19:00:00', 'available', NULL, '2025-04-24 10:11:13', '2025-04-24 10:11:13'),
(60, 1, '2025-04-27 19:00:00', '2025-04-27 20:00:00', 'booked', NULL, '2025-04-24 10:11:13', '2025-04-24 11:19:27'),
(61, 1, '2025-04-27 20:00:00', '2025-04-27 21:00:00', 'available', NULL, '2025-04-24 10:11:13', '2025-04-24 10:11:13'),
(62, 1, '2025-04-27 21:00:00', '2025-04-27 22:00:00', 'available', NULL, '2025-04-24 10:11:13', '2025-04-24 10:11:13'),
(63, 1, '2025-04-27 22:00:00', '2025-04-27 23:00:00', 'available', NULL, '2025-04-24 10:11:13', '2025-04-24 10:11:13'),
(64, 1, '2025-04-27 23:00:00', '2025-04-28 00:00:00', 'available', NULL, '2025-04-24 10:11:13', '2025-04-24 10:11:13'),
(65, 1, '2025-04-28 08:00:00', '2025-04-28 09:00:00', 'available', NULL, '2025-04-24 10:11:13', '2025-04-24 10:11:13'),
(66, 1, '2025-04-28 09:00:00', '2025-04-28 10:00:00', 'available', NULL, '2025-04-24 10:11:13', '2025-04-24 10:11:13'),
(67, 1, '2025-04-28 10:00:00', '2025-04-28 11:00:00', 'available', NULL, '2025-04-24 10:11:13', '2025-04-24 10:11:13'),
(68, 1, '2025-04-28 11:00:00', '2025-04-28 12:00:00', 'available', NULL, '2025-04-24 10:11:13', '2025-04-24 10:11:13'),
(69, 1, '2025-04-28 12:00:00', '2025-04-28 13:00:00', 'available', NULL, '2025-04-24 10:11:13', '2025-04-24 10:11:13'),
(70, 1, '2025-04-28 13:00:00', '2025-04-28 14:00:00', 'available', NULL, '2025-04-24 10:11:13', '2025-04-24 10:11:13'),
(71, 1, '2025-04-28 14:00:00', '2025-04-28 15:00:00', 'available', NULL, '2025-04-24 10:11:13', '2025-04-24 10:11:13'),
(72, 1, '2025-04-28 15:00:00', '2025-04-28 16:00:00', 'available', NULL, '2025-04-24 10:11:13', '2025-04-24 10:11:13'),
(73, 1, '2025-04-28 16:00:00', '2025-04-28 17:00:00', 'available', NULL, '2025-04-24 10:11:13', '2025-04-24 10:11:13'),
(74, 1, '2025-04-28 17:00:00', '2025-04-28 18:00:00', 'available', NULL, '2025-04-24 10:11:13', '2025-04-24 10:11:13'),
(75, 1, '2025-04-28 18:00:00', '2025-04-28 19:00:00', 'available', NULL, '2025-04-24 10:11:13', '2025-04-24 10:11:13'),
(76, 1, '2025-04-28 19:00:00', '2025-04-28 20:00:00', 'available', NULL, '2025-04-24 10:11:13', '2025-04-24 10:11:13'),
(77, 1, '2025-04-28 20:00:00', '2025-04-28 21:00:00', 'available', NULL, '2025-04-24 10:11:13', '2025-04-24 10:11:13'),
(78, 1, '2025-04-28 21:00:00', '2025-04-28 22:00:00', 'available', NULL, '2025-04-24 10:11:13', '2025-04-24 10:11:13'),
(79, 1, '2025-04-28 22:00:00', '2025-04-28 23:00:00', 'available', NULL, '2025-04-24 10:11:13', '2025-04-24 10:11:13'),
(80, 1, '2025-04-28 23:00:00', '2025-04-29 00:00:00', 'available', NULL, '2025-04-24 10:11:13', '2025-04-24 10:11:13'),
(81, 1, '2025-04-29 08:00:00', '2025-04-29 09:00:00', 'available', NULL, '2025-04-24 10:11:13', '2025-04-24 10:11:13'),
(82, 1, '2025-04-29 09:00:00', '2025-04-29 10:00:00', 'available', NULL, '2025-04-24 10:11:13', '2025-04-24 10:11:13'),
(83, 1, '2025-04-29 10:00:00', '2025-04-29 11:00:00', 'available', NULL, '2025-04-24 10:11:13', '2025-04-24 10:11:13'),
(84, 1, '2025-04-29 11:00:00', '2025-04-29 12:00:00', 'available', NULL, '2025-04-24 10:11:13', '2025-04-24 10:11:13'),
(85, 1, '2025-04-29 12:00:00', '2025-04-29 13:00:00', 'available', NULL, '2025-04-24 10:11:13', '2025-04-24 10:11:13'),
(86, 1, '2025-04-29 13:00:00', '2025-04-29 14:00:00', 'available', NULL, '2025-04-24 10:11:13', '2025-04-24 10:11:13'),
(87, 1, '2025-04-29 14:00:00', '2025-04-29 15:00:00', 'available', NULL, '2025-04-24 10:11:13', '2025-04-24 10:11:13'),
(88, 1, '2025-04-29 15:00:00', '2025-04-29 16:00:00', 'available', NULL, '2025-04-24 10:11:13', '2025-04-24 10:11:13'),
(89, 1, '2025-04-29 16:00:00', '2025-04-29 17:00:00', 'available', NULL, '2025-04-24 10:11:13', '2025-04-24 10:11:13'),
(90, 1, '2025-04-29 17:00:00', '2025-04-29 18:00:00', 'available', NULL, '2025-04-24 10:11:13', '2025-04-24 10:11:13'),
(91, 1, '2025-04-29 18:00:00', '2025-04-29 19:00:00', 'available', NULL, '2025-04-24 10:11:13', '2025-04-24 10:11:13'),
(92, 1, '2025-04-29 19:00:00', '2025-04-29 20:00:00', 'available', NULL, '2025-04-24 10:11:13', '2025-04-24 10:11:13'),
(93, 1, '2025-04-29 20:00:00', '2025-04-29 21:00:00', 'available', NULL, '2025-04-24 10:11:13', '2025-04-24 10:11:13'),
(94, 1, '2025-04-29 21:00:00', '2025-04-29 22:00:00', 'available', NULL, '2025-04-24 10:11:13', '2025-04-24 10:11:13'),
(95, 1, '2025-04-29 22:00:00', '2025-04-29 23:00:00', 'available', NULL, '2025-04-24 10:11:13', '2025-04-24 10:11:13'),
(96, 1, '2025-04-29 23:00:00', '2025-04-30 00:00:00', 'available', NULL, '2025-04-24 10:11:13', '2025-04-24 10:11:13'),
(97, 1, '2025-04-30 08:00:00', '2025-04-30 09:00:00', 'available', NULL, '2025-04-24 10:11:13', '2025-04-24 10:11:13'),
(98, 1, '2025-04-30 09:00:00', '2025-04-30 10:00:00', 'available', NULL, '2025-04-24 10:11:13', '2025-04-24 10:11:13'),
(99, 1, '2025-04-30 10:00:00', '2025-04-30 11:00:00', 'available', NULL, '2025-04-24 10:11:13', '2025-04-24 10:11:13'),
(100, 1, '2025-04-30 11:00:00', '2025-04-30 12:00:00', 'available', NULL, '2025-04-24 10:11:13', '2025-04-24 10:11:13'),
(101, 1, '2025-04-30 12:00:00', '2025-04-30 13:00:00', 'available', NULL, '2025-04-24 10:11:13', '2025-04-24 10:11:13'),
(102, 1, '2025-04-30 13:00:00', '2025-04-30 14:00:00', 'available', NULL, '2025-04-24 10:11:13', '2025-04-24 10:11:13'),
(103, 1, '2025-04-30 14:00:00', '2025-04-30 15:00:00', 'available', NULL, '2025-04-24 10:11:13', '2025-04-24 10:11:13'),
(104, 1, '2025-04-30 15:00:00', '2025-04-30 16:00:00', 'available', NULL, '2025-04-24 10:11:13', '2025-04-24 10:11:13'),
(105, 1, '2025-04-30 16:00:00', '2025-04-30 17:00:00', 'available', NULL, '2025-04-24 10:11:13', '2025-04-24 10:11:13'),
(106, 1, '2025-04-30 17:00:00', '2025-04-30 18:00:00', 'available', NULL, '2025-04-24 10:11:13', '2025-04-24 10:11:13'),
(107, 1, '2025-04-30 18:00:00', '2025-04-30 19:00:00', 'available', NULL, '2025-04-24 10:11:13', '2025-04-24 10:11:13'),
(108, 1, '2025-04-30 19:00:00', '2025-04-30 20:00:00', 'available', NULL, '2025-04-24 10:11:13', '2025-04-24 10:11:13'),
(109, 1, '2025-04-30 20:00:00', '2025-04-30 21:00:00', 'available', NULL, '2025-04-24 10:11:13', '2025-04-24 10:11:13'),
(110, 1, '2025-04-30 21:00:00', '2025-04-30 22:00:00', 'available', NULL, '2025-04-24 10:11:13', '2025-04-24 10:11:13'),
(111, 1, '2025-04-30 22:00:00', '2025-04-30 23:00:00', 'available', NULL, '2025-04-24 10:11:13', '2025-04-24 10:11:13'),
(112, 1, '2025-04-30 23:00:00', '2025-05-01 00:00:00', 'available', NULL, '2025-04-24 10:11:13', '2025-04-24 10:11:13'),
(113, 1, '2025-05-01 08:00:00', '2025-05-01 09:00:00', 'available', NULL, '2025-04-24 10:11:13', '2025-04-24 10:11:13'),
(114, 1, '2025-05-01 09:00:00', '2025-05-01 10:00:00', 'available', NULL, '2025-04-24 10:11:13', '2025-04-24 10:11:13'),
(115, 1, '2025-05-01 10:00:00', '2025-05-01 11:00:00', 'available', NULL, '2025-04-24 10:11:13', '2025-04-24 10:11:13'),
(116, 1, '2025-05-01 11:00:00', '2025-05-01 12:00:00', 'available', NULL, '2025-04-24 10:11:13', '2025-04-24 10:11:13'),
(117, 1, '2025-05-01 12:00:00', '2025-05-01 13:00:00', 'available', NULL, '2025-04-24 10:11:13', '2025-04-24 10:11:13'),
(118, 1, '2025-05-01 13:00:00', '2025-05-01 14:00:00', 'available', NULL, '2025-04-24 10:11:13', '2025-04-24 10:11:13'),
(119, 1, '2025-05-01 14:00:00', '2025-05-01 15:00:00', 'available', NULL, '2025-04-24 10:11:13', '2025-04-24 10:11:13'),
(120, 1, '2025-05-01 15:00:00', '2025-05-01 16:00:00', 'available', NULL, '2025-04-24 10:11:13', '2025-04-24 10:11:13'),
(121, 1, '2025-05-01 16:00:00', '2025-05-01 17:00:00', 'available', NULL, '2025-04-24 10:11:13', '2025-04-24 10:11:13'),
(122, 1, '2025-05-01 17:00:00', '2025-05-01 18:00:00', 'available', NULL, '2025-04-24 10:11:13', '2025-04-24 10:11:13'),
(123, 1, '2025-05-01 18:00:00', '2025-05-01 19:00:00', 'available', NULL, '2025-04-24 10:11:13', '2025-04-24 10:11:13'),
(124, 1, '2025-05-01 19:00:00', '2025-05-01 20:00:00', 'available', NULL, '2025-04-24 10:11:13', '2025-04-24 10:11:13'),
(125, 1, '2025-05-01 20:00:00', '2025-05-01 21:00:00', 'available', NULL, '2025-04-24 10:11:13', '2025-04-24 10:11:13'),
(126, 1, '2025-05-01 21:00:00', '2025-05-01 22:00:00', 'available', NULL, '2025-04-24 10:11:13', '2025-04-24 10:11:13'),
(127, 1, '2025-05-01 22:00:00', '2025-05-01 23:00:00', 'available', NULL, '2025-04-24 10:11:13', '2025-04-24 10:11:13'),
(128, 1, '2025-05-01 23:00:00', '2025-05-02 00:00:00', 'available', NULL, '2025-04-24 10:11:13', '2025-04-24 10:11:13'),
(129, 1, '2025-05-02 08:00:00', '2025-05-02 09:00:00', 'available', NULL, '2025-04-24 10:11:13', '2025-04-24 10:11:13'),
(130, 1, '2025-05-02 09:00:00', '2025-05-02 10:00:00', 'available', NULL, '2025-04-24 10:11:13', '2025-04-24 10:11:13'),
(131, 1, '2025-05-02 10:00:00', '2025-05-02 11:00:00', 'available', NULL, '2025-04-24 10:11:13', '2025-04-24 10:11:13'),
(132, 1, '2025-05-02 11:00:00', '2025-05-02 12:00:00', 'available', NULL, '2025-04-24 10:11:13', '2025-04-24 10:11:13'),
(133, 1, '2025-05-02 12:00:00', '2025-05-02 13:00:00', 'available', NULL, '2025-04-24 10:11:13', '2025-04-24 10:11:13'),
(134, 1, '2025-05-02 13:00:00', '2025-05-02 14:00:00', 'available', NULL, '2025-04-24 10:11:13', '2025-04-24 10:11:13'),
(135, 1, '2025-05-02 14:00:00', '2025-05-02 15:00:00', 'available', NULL, '2025-04-24 10:11:13', '2025-04-24 10:11:13'),
(136, 1, '2025-05-02 15:00:00', '2025-05-02 16:00:00', 'available', NULL, '2025-04-24 10:11:13', '2025-04-24 10:11:13'),
(137, 1, '2025-05-02 16:00:00', '2025-05-02 17:00:00', 'available', NULL, '2025-04-24 10:11:13', '2025-04-24 10:11:13'),
(138, 1, '2025-05-02 17:00:00', '2025-05-02 18:00:00', 'available', NULL, '2025-04-24 10:11:13', '2025-04-24 10:11:13'),
(139, 1, '2025-05-02 18:00:00', '2025-05-02 19:00:00', 'available', NULL, '2025-04-24 10:11:13', '2025-04-24 10:11:13'),
(140, 1, '2025-05-02 19:00:00', '2025-05-02 20:00:00', 'available', NULL, '2025-04-24 10:11:13', '2025-04-24 10:11:13'),
(141, 1, '2025-05-02 20:00:00', '2025-05-02 21:00:00', 'available', NULL, '2025-04-24 10:11:13', '2025-04-24 10:11:13'),
(142, 1, '2025-05-02 21:00:00', '2025-05-02 22:00:00', 'available', NULL, '2025-04-24 10:11:13', '2025-04-24 10:11:13'),
(143, 1, '2025-05-02 22:00:00', '2025-05-02 23:00:00', 'available', NULL, '2025-04-24 10:11:13', '2025-04-24 10:11:13'),
(144, 1, '2025-05-02 23:00:00', '2025-05-03 00:00:00', 'available', NULL, '2025-04-24 10:11:13', '2025-04-24 10:11:13'),
(145, 1, '2025-05-03 08:00:00', '2025-05-03 09:00:00', 'available', NULL, '2025-04-24 10:11:13', '2025-04-24 10:11:13'),
(146, 1, '2025-05-03 09:00:00', '2025-05-03 10:00:00', 'available', NULL, '2025-04-24 10:11:13', '2025-04-24 10:11:13'),
(147, 1, '2025-05-03 10:00:00', '2025-05-03 11:00:00', 'available', NULL, '2025-04-24 10:11:13', '2025-04-24 10:11:13'),
(148, 1, '2025-05-03 11:00:00', '2025-05-03 12:00:00', 'available', NULL, '2025-04-24 10:11:13', '2025-04-24 10:11:13'),
(149, 1, '2025-05-03 12:00:00', '2025-05-03 13:00:00', 'available', NULL, '2025-04-24 10:11:13', '2025-04-24 10:11:13'),
(150, 1, '2025-05-03 13:00:00', '2025-05-03 14:00:00', 'available', NULL, '2025-04-24 10:11:13', '2025-04-24 10:11:13'),
(151, 1, '2025-05-03 14:00:00', '2025-05-03 15:00:00', 'available', NULL, '2025-04-24 10:11:13', '2025-04-24 10:11:13'),
(152, 1, '2025-05-03 15:00:00', '2025-05-03 16:00:00', 'available', NULL, '2025-04-24 10:11:13', '2025-04-24 10:11:13'),
(153, 1, '2025-05-03 16:00:00', '2025-05-03 17:00:00', 'available', NULL, '2025-04-24 10:11:13', '2025-04-24 10:11:13'),
(154, 1, '2025-05-03 17:00:00', '2025-05-03 18:00:00', 'available', NULL, '2025-04-24 10:11:13', '2025-04-24 10:11:13'),
(155, 1, '2025-05-03 18:00:00', '2025-05-03 19:00:00', 'available', NULL, '2025-04-24 10:11:13', '2025-04-24 10:11:13'),
(156, 1, '2025-05-03 19:00:00', '2025-05-03 20:00:00', 'available', NULL, '2025-04-24 10:11:13', '2025-04-24 10:11:13'),
(157, 1, '2025-05-03 20:00:00', '2025-05-03 21:00:00', 'available', NULL, '2025-04-24 10:11:13', '2025-04-24 10:11:13'),
(158, 1, '2025-05-03 21:00:00', '2025-05-03 22:00:00', 'booked', NULL, '2025-04-24 10:11:13', '2025-04-24 10:17:13'),
(159, 1, '2025-05-03 22:00:00', '2025-05-03 23:00:00', 'available', NULL, '2025-04-24 10:11:13', '2025-04-24 10:11:13'),
(160, 1, '2025-05-03 23:00:00', '2025-05-04 00:00:00', 'available', NULL, '2025-04-24 10:11:13', '2025-04-24 10:11:13'),
(161, 1, '2025-05-04 08:00:00', '2025-05-04 09:00:00', 'available', NULL, '2025-04-24 10:11:13', '2025-04-24 10:11:13'),
(162, 1, '2025-05-04 09:00:00', '2025-05-04 10:00:00', 'available', NULL, '2025-04-24 10:11:13', '2025-04-24 10:11:13'),
(163, 1, '2025-05-04 10:00:00', '2025-05-04 11:00:00', 'available', NULL, '2025-04-24 10:11:13', '2025-04-24 10:11:13'),
(164, 1, '2025-05-04 11:00:00', '2025-05-04 12:00:00', 'available', NULL, '2025-04-24 10:11:13', '2025-04-24 10:11:13'),
(165, 1, '2025-05-04 12:00:00', '2025-05-04 13:00:00', 'available', NULL, '2025-04-24 10:11:13', '2025-04-24 10:11:13'),
(166, 1, '2025-05-04 13:00:00', '2025-05-04 14:00:00', 'available', NULL, '2025-04-24 10:11:13', '2025-04-24 10:11:13'),
(167, 1, '2025-05-04 14:00:00', '2025-05-04 15:00:00', 'available', NULL, '2025-04-24 10:11:13', '2025-04-24 10:11:13'),
(168, 1, '2025-05-04 15:00:00', '2025-05-04 16:00:00', 'available', NULL, '2025-04-24 10:11:13', '2025-04-24 10:11:13'),
(169, 1, '2025-05-04 16:00:00', '2025-05-04 17:00:00', 'available', NULL, '2025-04-24 10:11:13', '2025-04-24 10:11:13'),
(170, 1, '2025-05-04 17:00:00', '2025-05-04 18:00:00', 'available', NULL, '2025-04-24 10:11:13', '2025-04-24 10:11:13'),
(171, 1, '2025-05-04 18:00:00', '2025-05-04 19:00:00', 'available', NULL, '2025-04-24 10:11:13', '2025-04-24 10:11:13'),
(172, 1, '2025-05-04 19:00:00', '2025-05-04 20:00:00', 'booked', NULL, '2025-04-24 10:11:13', '2025-04-24 11:19:27'),
(173, 1, '2025-05-04 20:00:00', '2025-05-04 21:00:00', 'available', NULL, '2025-04-24 10:11:13', '2025-04-24 10:11:13'),
(174, 1, '2025-05-04 21:00:00', '2025-05-04 22:00:00', 'available', NULL, '2025-04-24 10:11:13', '2025-04-24 10:11:13'),
(175, 1, '2025-05-04 22:00:00', '2025-05-04 23:00:00', 'available', NULL, '2025-04-24 10:11:13', '2025-04-24 10:11:13'),
(176, 1, '2025-05-04 23:00:00', '2025-05-05 00:00:00', 'available', NULL, '2025-04-24 10:11:13', '2025-04-24 10:11:13'),
(177, 1, '2025-05-05 08:00:00', '2025-05-05 09:00:00', 'available', NULL, '2025-04-24 10:11:13', '2025-04-24 10:11:13'),
(178, 1, '2025-05-05 09:00:00', '2025-05-05 10:00:00', 'available', NULL, '2025-04-24 10:11:13', '2025-04-24 10:11:13'),
(179, 1, '2025-05-05 10:00:00', '2025-05-05 11:00:00', 'available', NULL, '2025-04-24 10:11:13', '2025-04-24 10:11:13'),
(180, 1, '2025-05-05 11:00:00', '2025-05-05 12:00:00', 'available', NULL, '2025-04-24 10:11:13', '2025-04-24 10:11:13'),
(181, 1, '2025-05-05 12:00:00', '2025-05-05 13:00:00', 'available', NULL, '2025-04-24 10:11:13', '2025-04-24 10:11:13'),
(182, 1, '2025-05-05 13:00:00', '2025-05-05 14:00:00', 'available', NULL, '2025-04-24 10:11:13', '2025-04-24 10:11:13'),
(183, 1, '2025-05-05 14:00:00', '2025-05-05 15:00:00', 'available', NULL, '2025-04-24 10:11:13', '2025-04-24 10:11:13'),
(184, 1, '2025-05-05 15:00:00', '2025-05-05 16:00:00', 'available', NULL, '2025-04-24 10:11:13', '2025-04-24 10:11:13'),
(185, 1, '2025-05-05 16:00:00', '2025-05-05 17:00:00', 'available', NULL, '2025-04-24 10:11:13', '2025-04-24 10:11:13'),
(186, 1, '2025-05-05 17:00:00', '2025-05-05 18:00:00', 'available', NULL, '2025-04-24 10:11:13', '2025-04-24 10:11:13'),
(187, 1, '2025-05-05 18:00:00', '2025-05-05 19:00:00', 'available', NULL, '2025-04-24 10:11:13', '2025-04-24 10:11:13'),
(188, 1, '2025-05-05 19:00:00', '2025-05-05 20:00:00', 'available', NULL, '2025-04-24 10:11:13', '2025-04-24 10:11:13'),
(189, 1, '2025-05-05 20:00:00', '2025-05-05 21:00:00', 'available', NULL, '2025-04-24 10:11:13', '2025-04-24 10:11:13'),
(190, 1, '2025-05-05 21:00:00', '2025-05-05 22:00:00', 'available', NULL, '2025-04-24 10:11:13', '2025-04-24 10:11:13'),
(191, 1, '2025-05-05 22:00:00', '2025-05-05 23:00:00', 'available', NULL, '2025-04-24 10:11:13', '2025-04-24 10:11:13'),
(192, 1, '2025-05-05 23:00:00', '2025-05-06 00:00:00', 'available', NULL, '2025-04-24 10:11:13', '2025-04-24 10:11:13'),
(193, 1, '2025-05-06 08:00:00', '2025-05-06 09:00:00', 'available', NULL, '2025-04-24 10:11:13', '2025-04-24 10:11:13'),
(194, 1, '2025-05-06 09:00:00', '2025-05-06 10:00:00', 'available', NULL, '2025-04-24 10:11:13', '2025-04-24 10:11:13'),
(195, 1, '2025-05-06 10:00:00', '2025-05-06 11:00:00', 'available', NULL, '2025-04-24 10:11:13', '2025-04-24 10:11:13'),
(196, 1, '2025-05-06 11:00:00', '2025-05-06 12:00:00', 'available', NULL, '2025-04-24 10:11:13', '2025-04-24 10:11:13'),
(197, 1, '2025-05-06 12:00:00', '2025-05-06 13:00:00', 'available', NULL, '2025-04-24 10:11:13', '2025-04-24 10:11:13'),
(198, 1, '2025-05-06 13:00:00', '2025-05-06 14:00:00', 'available', NULL, '2025-04-24 10:11:13', '2025-04-24 10:11:13'),
(199, 1, '2025-05-06 14:00:00', '2025-05-06 15:00:00', 'available', NULL, '2025-04-24 10:11:13', '2025-04-24 10:11:13'),
(200, 1, '2025-05-06 15:00:00', '2025-05-06 16:00:00', 'available', NULL, '2025-04-24 10:11:13', '2025-04-24 10:11:13'),
(201, 1, '2025-05-06 16:00:00', '2025-05-06 17:00:00', 'available', NULL, '2025-04-24 10:11:13', '2025-04-24 10:11:13'),
(202, 1, '2025-05-06 17:00:00', '2025-05-06 18:00:00', 'available', NULL, '2025-04-24 10:11:13', '2025-04-24 10:11:13'),
(203, 1, '2025-05-06 18:00:00', '2025-05-06 19:00:00', 'available', NULL, '2025-04-24 10:11:13', '2025-04-24 10:11:13'),
(204, 1, '2025-05-06 19:00:00', '2025-05-06 20:00:00', 'available', NULL, '2025-04-24 10:11:13', '2025-04-24 10:11:13'),
(205, 1, '2025-05-06 20:00:00', '2025-05-06 21:00:00', 'available', NULL, '2025-04-24 10:11:13', '2025-04-24 10:11:13'),
(206, 1, '2025-05-06 21:00:00', '2025-05-06 22:00:00', 'available', NULL, '2025-04-24 10:11:13', '2025-04-24 10:11:13'),
(207, 1, '2025-05-06 22:00:00', '2025-05-06 23:00:00', 'available', NULL, '2025-04-24 10:11:13', '2025-04-24 10:11:13'),
(208, 1, '2025-05-06 23:00:00', '2025-05-07 00:00:00', 'available', NULL, '2025-04-24 10:11:13', '2025-04-24 10:11:13'),
(209, 1, '2025-05-07 08:00:00', '2025-05-07 09:00:00', 'available', NULL, '2025-04-24 10:11:13', '2025-04-24 10:11:13'),
(210, 1, '2025-05-07 09:00:00', '2025-05-07 10:00:00', 'available', NULL, '2025-04-24 10:11:13', '2025-04-24 10:11:13'),
(211, 1, '2025-05-07 10:00:00', '2025-05-07 11:00:00', 'available', NULL, '2025-04-24 10:11:13', '2025-04-24 10:11:13'),
(212, 1, '2025-05-07 11:00:00', '2025-05-07 12:00:00', 'available', NULL, '2025-04-24 10:11:13', '2025-04-24 10:11:13'),
(213, 1, '2025-05-07 12:00:00', '2025-05-07 13:00:00', 'available', NULL, '2025-04-24 10:11:13', '2025-04-24 10:11:13'),
(214, 1, '2025-05-07 13:00:00', '2025-05-07 14:00:00', 'available', NULL, '2025-04-24 10:11:13', '2025-04-24 10:11:13'),
(215, 1, '2025-05-07 14:00:00', '2025-05-07 15:00:00', 'available', NULL, '2025-04-24 10:11:13', '2025-04-24 10:11:13'),
(216, 1, '2025-05-07 15:00:00', '2025-05-07 16:00:00', 'available', NULL, '2025-04-24 10:11:13', '2025-04-24 10:11:13'),
(217, 1, '2025-05-07 16:00:00', '2025-05-07 17:00:00', 'available', NULL, '2025-04-24 10:11:13', '2025-04-24 10:11:13'),
(218, 1, '2025-05-07 17:00:00', '2025-05-07 18:00:00', 'available', NULL, '2025-04-24 10:11:13', '2025-04-24 10:11:13'),
(219, 1, '2025-05-07 18:00:00', '2025-05-07 19:00:00', 'available', NULL, '2025-04-24 10:11:13', '2025-04-24 10:11:13'),
(220, 1, '2025-05-07 19:00:00', '2025-05-07 20:00:00', 'available', NULL, '2025-04-24 10:11:13', '2025-04-24 10:11:13'),
(221, 1, '2025-05-07 20:00:00', '2025-05-07 21:00:00', 'available', NULL, '2025-04-24 10:11:13', '2025-04-24 10:11:13'),
(222, 1, '2025-05-07 21:00:00', '2025-05-07 22:00:00', 'available', NULL, '2025-04-24 10:11:13', '2025-04-24 10:11:13'),
(223, 1, '2025-05-07 22:00:00', '2025-05-07 23:00:00', 'available', NULL, '2025-04-24 10:11:13', '2025-04-24 10:11:13'),
(224, 1, '2025-05-07 23:00:00', '2025-05-08 00:00:00', 'available', NULL, '2025-04-24 10:11:13', '2025-04-24 10:11:13'),
(225, 1, '2025-05-08 08:00:00', '2025-05-08 09:00:00', 'available', NULL, '2025-04-24 10:11:13', '2025-04-24 10:11:13'),
(226, 1, '2025-05-08 09:00:00', '2025-05-08 10:00:00', 'available', NULL, '2025-04-24 10:11:13', '2025-04-24 10:11:13'),
(227, 1, '2025-05-08 10:00:00', '2025-05-08 11:00:00', 'available', NULL, '2025-04-24 10:11:13', '2025-04-24 10:11:13'),
(228, 1, '2025-05-08 11:00:00', '2025-05-08 12:00:00', 'available', NULL, '2025-04-24 10:11:13', '2025-04-24 10:11:13'),
(229, 1, '2025-05-08 12:00:00', '2025-05-08 13:00:00', 'available', NULL, '2025-04-24 10:11:13', '2025-04-24 10:11:13'),
(230, 1, '2025-05-08 13:00:00', '2025-05-08 14:00:00', 'available', NULL, '2025-04-24 10:11:13', '2025-04-24 10:11:13'),
(231, 1, '2025-05-08 14:00:00', '2025-05-08 15:00:00', 'available', NULL, '2025-04-24 10:11:13', '2025-04-24 10:11:13'),
(232, 1, '2025-05-08 15:00:00', '2025-05-08 16:00:00', 'available', NULL, '2025-04-24 10:11:13', '2025-04-24 10:11:13'),
(233, 1, '2025-05-08 16:00:00', '2025-05-08 17:00:00', 'available', NULL, '2025-04-24 10:11:13', '2025-04-24 10:11:13'),
(234, 1, '2025-05-08 17:00:00', '2025-05-08 18:00:00', 'available', NULL, '2025-04-24 10:11:13', '2025-04-24 10:11:13'),
(235, 1, '2025-05-08 18:00:00', '2025-05-08 19:00:00', 'available', NULL, '2025-04-24 10:11:13', '2025-04-24 10:11:13'),
(236, 1, '2025-05-08 19:00:00', '2025-05-08 20:00:00', 'available', NULL, '2025-04-24 10:11:13', '2025-04-24 10:11:13'),
(237, 1, '2025-05-08 20:00:00', '2025-05-08 21:00:00', 'available', NULL, '2025-04-24 10:11:13', '2025-04-24 10:11:13'),
(238, 1, '2025-05-08 21:00:00', '2025-05-08 22:00:00', 'available', NULL, '2025-04-24 10:11:13', '2025-04-24 10:11:13'),
(239, 1, '2025-05-08 22:00:00', '2025-05-08 23:00:00', 'available', NULL, '2025-04-24 10:11:13', '2025-04-24 10:11:13'),
(240, 1, '2025-05-08 23:00:00', '2025-05-09 00:00:00', 'available', NULL, '2025-04-24 10:11:13', '2025-04-24 10:11:13'),
(241, 1, '2025-05-09 08:00:00', '2025-05-09 09:00:00', 'available', NULL, '2025-04-24 10:11:13', '2025-04-24 10:11:13'),
(242, 1, '2025-05-09 09:00:00', '2025-05-09 10:00:00', 'available', NULL, '2025-04-24 10:11:13', '2025-04-24 10:11:13'),
(243, 1, '2025-05-09 10:00:00', '2025-05-09 11:00:00', 'available', NULL, '2025-04-24 10:11:13', '2025-04-24 10:11:13'),
(244, 1, '2025-05-09 11:00:00', '2025-05-09 12:00:00', 'available', NULL, '2025-04-24 10:11:13', '2025-04-24 10:11:13'),
(245, 1, '2025-05-09 12:00:00', '2025-05-09 13:00:00', 'available', NULL, '2025-04-24 10:11:13', '2025-04-24 10:11:13'),
(246, 1, '2025-05-09 13:00:00', '2025-05-09 14:00:00', 'available', NULL, '2025-04-24 10:11:13', '2025-04-24 10:11:13'),
(247, 1, '2025-05-09 14:00:00', '2025-05-09 15:00:00', 'available', NULL, '2025-04-24 10:11:13', '2025-04-24 10:11:13'),
(248, 1, '2025-05-09 15:00:00', '2025-05-09 16:00:00', 'available', NULL, '2025-04-24 10:11:13', '2025-04-24 10:11:13'),
(249, 1, '2025-05-09 16:00:00', '2025-05-09 17:00:00', 'available', NULL, '2025-04-24 10:11:13', '2025-04-24 10:11:13'),
(250, 1, '2025-05-09 17:00:00', '2025-05-09 18:00:00', 'available', NULL, '2025-04-24 10:11:13', '2025-04-24 10:11:13'),
(251, 1, '2025-05-09 18:00:00', '2025-05-09 19:00:00', 'available', NULL, '2025-04-24 10:11:13', '2025-04-24 10:11:13'),
(252, 1, '2025-05-09 19:00:00', '2025-05-09 20:00:00', 'available', NULL, '2025-04-24 10:11:13', '2025-04-24 10:11:13'),
(253, 1, '2025-05-09 20:00:00', '2025-05-09 21:00:00', 'available', NULL, '2025-04-24 10:11:13', '2025-04-24 10:11:13'),
(254, 1, '2025-05-09 21:00:00', '2025-05-09 22:00:00', 'available', NULL, '2025-04-24 10:11:13', '2025-04-24 10:11:13'),
(255, 1, '2025-05-09 22:00:00', '2025-05-09 23:00:00', 'available', NULL, '2025-04-24 10:11:13', '2025-04-24 10:11:13'),
(256, 1, '2025-05-09 23:00:00', '2025-05-10 00:00:00', 'available', NULL, '2025-04-24 10:11:13', '2025-04-24 10:11:13'),
(257, 1, '2025-05-10 08:00:00', '2025-05-10 09:00:00', 'available', NULL, '2025-04-24 10:11:13', '2025-04-24 10:11:13'),
(258, 1, '2025-05-10 09:00:00', '2025-05-10 10:00:00', 'available', NULL, '2025-04-24 10:11:13', '2025-04-24 10:11:13'),
(259, 1, '2025-05-10 10:00:00', '2025-05-10 11:00:00', 'available', NULL, '2025-04-24 10:11:13', '2025-04-24 10:11:13'),
(260, 1, '2025-05-10 11:00:00', '2025-05-10 12:00:00', 'available', NULL, '2025-04-24 10:11:13', '2025-04-24 10:11:13'),
(261, 1, '2025-05-10 12:00:00', '2025-05-10 13:00:00', 'available', NULL, '2025-04-24 10:11:13', '2025-04-24 10:11:13'),
(262, 1, '2025-05-10 13:00:00', '2025-05-10 14:00:00', 'available', NULL, '2025-04-24 10:11:13', '2025-04-24 10:11:13'),
(263, 1, '2025-05-10 14:00:00', '2025-05-10 15:00:00', 'available', NULL, '2025-04-24 10:11:13', '2025-04-24 10:11:13'),
(264, 1, '2025-05-10 15:00:00', '2025-05-10 16:00:00', 'available', NULL, '2025-04-24 10:11:13', '2025-04-24 10:11:13'),
(265, 1, '2025-05-10 16:00:00', '2025-05-10 17:00:00', 'available', NULL, '2025-04-24 10:11:13', '2025-04-24 10:11:13'),
(266, 1, '2025-05-10 17:00:00', '2025-05-10 18:00:00', 'available', NULL, '2025-04-24 10:11:13', '2025-04-24 10:11:13'),
(267, 1, '2025-05-10 18:00:00', '2025-05-10 19:00:00', 'available', NULL, '2025-04-24 10:11:13', '2025-04-24 10:11:13'),
(268, 1, '2025-05-10 19:00:00', '2025-05-10 20:00:00', 'available', NULL, '2025-04-24 10:11:13', '2025-04-24 10:11:13'),
(269, 1, '2025-05-10 20:00:00', '2025-05-10 21:00:00', 'available', NULL, '2025-04-24 10:11:13', '2025-04-24 10:11:13'),
(270, 1, '2025-05-10 21:00:00', '2025-05-10 22:00:00', 'booked', NULL, '2025-04-24 10:11:13', '2025-04-24 10:17:13'),
(271, 1, '2025-05-10 22:00:00', '2025-05-10 23:00:00', 'available', NULL, '2025-04-24 10:11:13', '2025-04-24 10:11:13'),
(272, 1, '2025-05-10 23:00:00', '2025-05-11 00:00:00', 'available', NULL, '2025-04-24 10:11:13', '2025-04-24 10:11:13'),
(273, 1, '2025-05-11 08:00:00', '2025-05-11 09:00:00', 'available', NULL, '2025-04-24 10:11:13', '2025-04-24 10:11:13'),
(274, 1, '2025-05-11 09:00:00', '2025-05-11 10:00:00', 'available', NULL, '2025-04-24 10:11:13', '2025-04-24 10:11:13'),
(275, 1, '2025-05-11 10:00:00', '2025-05-11 11:00:00', 'available', NULL, '2025-04-24 10:11:13', '2025-04-24 10:11:13'),
(276, 1, '2025-05-11 11:00:00', '2025-05-11 12:00:00', 'available', NULL, '2025-04-24 10:11:13', '2025-04-24 10:11:13'),
(277, 1, '2025-05-11 12:00:00', '2025-05-11 13:00:00', 'available', NULL, '2025-04-24 10:11:13', '2025-04-24 10:11:13'),
(278, 1, '2025-05-11 13:00:00', '2025-05-11 14:00:00', 'available', NULL, '2025-04-24 10:11:13', '2025-04-24 10:11:13'),
(279, 1, '2025-05-11 14:00:00', '2025-05-11 15:00:00', 'available', NULL, '2025-04-24 10:11:13', '2025-04-24 10:11:13'),
(280, 1, '2025-05-11 15:00:00', '2025-05-11 16:00:00', 'available', NULL, '2025-04-24 10:11:13', '2025-04-24 10:11:13'),
(281, 1, '2025-05-11 16:00:00', '2025-05-11 17:00:00', 'available', NULL, '2025-04-24 10:11:13', '2025-04-24 10:11:13'),
(282, 1, '2025-05-11 17:00:00', '2025-05-11 18:00:00', 'available', NULL, '2025-04-24 10:11:13', '2025-04-24 10:11:13'),
(283, 1, '2025-05-11 18:00:00', '2025-05-11 19:00:00', 'available', NULL, '2025-04-24 10:11:13', '2025-04-24 10:11:13'),
(284, 1, '2025-05-11 19:00:00', '2025-05-11 20:00:00', 'booked', NULL, '2025-04-24 10:11:13', '2025-04-24 11:19:27'),
(285, 1, '2025-05-11 20:00:00', '2025-05-11 21:00:00', 'available', NULL, '2025-04-24 10:11:13', '2025-04-24 10:11:13'),
(286, 1, '2025-05-11 21:00:00', '2025-05-11 22:00:00', 'available', NULL, '2025-04-24 10:11:13', '2025-04-24 10:11:13'),
(287, 1, '2025-05-11 22:00:00', '2025-05-11 23:00:00', 'available', NULL, '2025-04-24 10:11:13', '2025-04-24 10:11:13'),
(288, 1, '2025-05-11 23:00:00', '2025-05-12 00:00:00', 'available', NULL, '2025-04-24 10:11:13', '2025-04-24 10:11:13'),
(289, 1, '2025-05-12 08:00:00', '2025-05-12 09:00:00', 'available', NULL, '2025-04-24 10:11:13', '2025-04-24 10:11:13'),
(290, 1, '2025-05-12 09:00:00', '2025-05-12 10:00:00', 'available', NULL, '2025-04-24 10:11:13', '2025-04-24 10:11:13'),
(291, 1, '2025-05-12 10:00:00', '2025-05-12 11:00:00', 'available', NULL, '2025-04-24 10:11:13', '2025-04-24 10:11:13'),
(292, 1, '2025-05-12 11:00:00', '2025-05-12 12:00:00', 'available', NULL, '2025-04-24 10:11:13', '2025-04-24 10:11:13'),
(293, 1, '2025-05-12 12:00:00', '2025-05-12 13:00:00', 'available', NULL, '2025-04-24 10:11:13', '2025-04-24 10:11:13'),
(294, 1, '2025-05-12 13:00:00', '2025-05-12 14:00:00', 'available', NULL, '2025-04-24 10:11:13', '2025-04-24 10:11:13'),
(295, 1, '2025-05-12 14:00:00', '2025-05-12 15:00:00', 'available', NULL, '2025-04-24 10:11:13', '2025-04-24 10:11:13'),
(296, 1, '2025-05-12 15:00:00', '2025-05-12 16:00:00', 'available', NULL, '2025-04-24 10:11:13', '2025-04-24 10:11:13'),
(297, 1, '2025-05-12 16:00:00', '2025-05-12 17:00:00', 'available', NULL, '2025-04-24 10:11:13', '2025-04-24 10:11:13'),
(298, 1, '2025-05-12 17:00:00', '2025-05-12 18:00:00', 'available', NULL, '2025-04-24 10:11:13', '2025-04-24 10:11:13'),
(299, 1, '2025-05-12 18:00:00', '2025-05-12 19:00:00', 'available', NULL, '2025-04-24 10:11:13', '2025-04-24 10:11:13'),
(300, 1, '2025-05-12 19:00:00', '2025-05-12 20:00:00', 'available', NULL, '2025-04-24 10:11:13', '2025-04-24 10:11:13'),
(301, 1, '2025-05-12 20:00:00', '2025-05-12 21:00:00', 'available', NULL, '2025-04-24 10:11:13', '2025-04-24 10:11:13'),
(302, 1, '2025-05-12 21:00:00', '2025-05-12 22:00:00', 'available', NULL, '2025-04-24 10:11:13', '2025-04-24 10:11:13'),
(303, 1, '2025-05-12 22:00:00', '2025-05-12 23:00:00', 'available', NULL, '2025-04-24 10:11:13', '2025-04-24 10:11:13'),
(304, 1, '2025-05-12 23:00:00', '2025-05-13 00:00:00', 'available', NULL, '2025-04-24 10:11:13', '2025-04-24 10:11:13'),
(305, 1, '2025-05-13 08:00:00', '2025-05-13 09:00:00', 'available', NULL, '2025-04-24 10:11:13', '2025-04-24 10:11:13'),
(306, 1, '2025-05-13 09:00:00', '2025-05-13 10:00:00', 'available', NULL, '2025-04-24 10:11:13', '2025-04-24 10:11:13'),
(307, 1, '2025-05-13 10:00:00', '2025-05-13 11:00:00', 'available', NULL, '2025-04-24 10:11:13', '2025-04-24 10:11:13'),
(308, 1, '2025-05-13 11:00:00', '2025-05-13 12:00:00', 'available', NULL, '2025-04-24 10:11:13', '2025-04-24 10:11:13'),
(309, 1, '2025-05-13 12:00:00', '2025-05-13 13:00:00', 'available', NULL, '2025-04-24 10:11:13', '2025-04-24 10:11:13'),
(310, 1, '2025-05-13 13:00:00', '2025-05-13 14:00:00', 'available', NULL, '2025-04-24 10:11:13', '2025-04-24 10:11:13'),
(311, 1, '2025-05-13 14:00:00', '2025-05-13 15:00:00', 'available', NULL, '2025-04-24 10:11:13', '2025-04-24 10:11:13'),
(312, 1, '2025-05-13 15:00:00', '2025-05-13 16:00:00', 'available', NULL, '2025-04-24 10:11:13', '2025-04-24 10:11:13'),
(313, 1, '2025-05-13 16:00:00', '2025-05-13 17:00:00', 'available', NULL, '2025-04-24 10:11:13', '2025-04-24 10:11:13'),
(314, 1, '2025-05-13 17:00:00', '2025-05-13 18:00:00', 'available', NULL, '2025-04-24 10:11:13', '2025-04-24 10:11:13'),
(315, 1, '2025-05-13 18:00:00', '2025-05-13 19:00:00', 'available', NULL, '2025-04-24 10:11:13', '2025-04-24 10:11:13'),
(316, 1, '2025-05-13 19:00:00', '2025-05-13 20:00:00', 'available', NULL, '2025-04-24 10:11:13', '2025-04-24 10:11:13'),
(317, 1, '2025-05-13 20:00:00', '2025-05-13 21:00:00', 'available', NULL, '2025-04-24 10:11:13', '2025-04-24 10:11:13'),
(318, 1, '2025-05-13 21:00:00', '2025-05-13 22:00:00', 'available', NULL, '2025-04-24 10:11:13', '2025-04-24 10:11:13'),
(319, 1, '2025-05-13 22:00:00', '2025-05-13 23:00:00', 'available', NULL, '2025-04-24 10:11:13', '2025-04-24 10:11:13'),
(320, 1, '2025-05-13 23:00:00', '2025-05-14 00:00:00', 'available', NULL, '2025-04-24 10:11:13', '2025-04-24 10:11:13'),
(321, 1, '2025-05-14 08:00:00', '2025-05-14 09:00:00', 'available', NULL, '2025-04-24 10:11:13', '2025-04-24 10:11:13'),
(322, 1, '2025-05-14 09:00:00', '2025-05-14 10:00:00', 'available', NULL, '2025-04-24 10:11:13', '2025-04-24 10:11:13'),
(323, 1, '2025-05-14 10:00:00', '2025-05-14 11:00:00', 'available', NULL, '2025-04-24 10:11:13', '2025-04-24 10:11:13'),
(324, 1, '2025-05-14 11:00:00', '2025-05-14 12:00:00', 'available', NULL, '2025-04-24 10:11:13', '2025-04-24 10:11:13'),
(325, 1, '2025-05-14 12:00:00', '2025-05-14 13:00:00', 'available', NULL, '2025-04-24 10:11:13', '2025-04-24 10:11:13'),
(326, 1, '2025-05-14 13:00:00', '2025-05-14 14:00:00', 'available', NULL, '2025-04-24 10:11:13', '2025-04-24 10:11:13'),
(327, 1, '2025-05-14 14:00:00', '2025-05-14 15:00:00', 'available', NULL, '2025-04-24 10:11:13', '2025-04-24 10:11:13'),
(328, 1, '2025-05-14 15:00:00', '2025-05-14 16:00:00', 'available', NULL, '2025-04-24 10:11:13', '2025-04-24 10:11:13'),
(329, 1, '2025-05-14 16:00:00', '2025-05-14 17:00:00', 'available', NULL, '2025-04-24 10:11:13', '2025-04-24 10:11:13'),
(330, 1, '2025-05-14 17:00:00', '2025-05-14 18:00:00', 'available', NULL, '2025-04-24 10:11:13', '2025-04-24 10:11:13'),
(331, 1, '2025-05-14 18:00:00', '2025-05-14 19:00:00', 'available', NULL, '2025-04-24 10:11:13', '2025-04-24 10:11:13'),
(332, 1, '2025-05-14 19:00:00', '2025-05-14 20:00:00', 'available', NULL, '2025-04-24 10:11:13', '2025-04-24 10:11:13'),
(333, 1, '2025-05-14 20:00:00', '2025-05-14 21:00:00', 'available', NULL, '2025-04-24 10:11:13', '2025-04-24 10:11:13'),
(334, 1, '2025-05-14 21:00:00', '2025-05-14 22:00:00', 'available', NULL, '2025-04-24 10:11:13', '2025-04-24 10:11:13'),
(335, 1, '2025-05-14 22:00:00', '2025-05-14 23:00:00', 'available', NULL, '2025-04-24 10:11:13', '2025-04-24 10:11:13'),
(336, 1, '2025-05-14 23:00:00', '2025-05-15 00:00:00', 'available', NULL, '2025-04-24 10:11:13', '2025-04-24 10:11:13'),
(337, 1, '2025-05-15 08:00:00', '2025-05-15 09:00:00', 'available', NULL, '2025-04-24 10:11:13', '2025-04-24 10:11:13'),
(338, 1, '2025-05-15 09:00:00', '2025-05-15 10:00:00', 'available', NULL, '2025-04-24 10:11:13', '2025-04-24 10:11:13'),
(339, 1, '2025-05-15 10:00:00', '2025-05-15 11:00:00', 'available', NULL, '2025-04-24 10:11:13', '2025-04-24 10:11:13'),
(340, 1, '2025-05-15 11:00:00', '2025-05-15 12:00:00', 'available', NULL, '2025-04-24 10:11:13', '2025-04-24 10:11:13'),
(341, 1, '2025-05-15 12:00:00', '2025-05-15 13:00:00', 'available', NULL, '2025-04-24 10:11:13', '2025-04-24 10:11:13'),
(342, 1, '2025-05-15 13:00:00', '2025-05-15 14:00:00', 'available', NULL, '2025-04-24 10:11:13', '2025-04-24 10:11:13'),
(343, 1, '2025-05-15 14:00:00', '2025-05-15 15:00:00', 'available', NULL, '2025-04-24 10:11:13', '2025-04-24 10:11:13'),
(344, 1, '2025-05-15 15:00:00', '2025-05-15 16:00:00', 'available', NULL, '2025-04-24 10:11:13', '2025-04-24 10:11:13'),
(345, 1, '2025-05-15 16:00:00', '2025-05-15 17:00:00', 'available', NULL, '2025-04-24 10:11:13', '2025-04-24 10:11:13'),
(346, 1, '2025-05-15 17:00:00', '2025-05-15 18:00:00', 'available', NULL, '2025-04-24 10:11:13', '2025-04-24 10:11:13'),
(347, 1, '2025-05-15 18:00:00', '2025-05-15 19:00:00', 'available', NULL, '2025-04-24 10:11:13', '2025-04-24 10:11:13'),
(348, 1, '2025-05-15 19:00:00', '2025-05-15 20:00:00', 'available', NULL, '2025-04-24 10:11:13', '2025-04-24 10:11:13'),
(349, 1, '2025-05-15 20:00:00', '2025-05-15 21:00:00', 'available', NULL, '2025-04-24 10:11:13', '2025-04-24 10:11:13'),
(350, 1, '2025-05-15 21:00:00', '2025-05-15 22:00:00', 'available', NULL, '2025-04-24 10:11:13', '2025-04-24 10:11:13'),
(351, 1, '2025-05-15 22:00:00', '2025-05-15 23:00:00', 'available', NULL, '2025-04-24 10:11:13', '2025-04-24 10:11:13'),
(352, 1, '2025-05-15 23:00:00', '2025-05-16 00:00:00', 'available', NULL, '2025-04-24 10:11:13', '2025-04-24 10:11:13'),
(353, 1, '2025-05-16 08:00:00', '2025-05-16 09:00:00', 'available', NULL, '2025-04-24 10:11:13', '2025-04-24 10:11:13'),
(354, 1, '2025-05-16 09:00:00', '2025-05-16 10:00:00', 'available', NULL, '2025-04-24 10:11:13', '2025-04-24 10:11:13'),
(355, 1, '2025-05-16 10:00:00', '2025-05-16 11:00:00', 'available', NULL, '2025-04-24 10:11:13', '2025-04-24 10:11:13'),
(356, 1, '2025-05-16 11:00:00', '2025-05-16 12:00:00', 'available', NULL, '2025-04-24 10:11:13', '2025-04-24 10:11:13'),
(357, 1, '2025-05-16 12:00:00', '2025-05-16 13:00:00', 'available', NULL, '2025-04-24 10:11:13', '2025-04-24 10:11:13'),
(358, 1, '2025-05-16 13:00:00', '2025-05-16 14:00:00', 'available', NULL, '2025-04-24 10:11:13', '2025-04-24 10:11:13'),
(359, 1, '2025-05-16 14:00:00', '2025-05-16 15:00:00', 'available', NULL, '2025-04-24 10:11:13', '2025-04-24 10:11:13'),
(360, 1, '2025-05-16 15:00:00', '2025-05-16 16:00:00', 'available', NULL, '2025-04-24 10:11:13', '2025-04-24 10:11:13'),
(361, 1, '2025-05-16 16:00:00', '2025-05-16 17:00:00', 'available', NULL, '2025-04-24 10:11:13', '2025-04-24 10:11:13'),
(362, 1, '2025-05-16 17:00:00', '2025-05-16 18:00:00', 'available', NULL, '2025-04-24 10:11:13', '2025-04-24 10:11:13'),
(363, 1, '2025-05-16 18:00:00', '2025-05-16 19:00:00', 'available', NULL, '2025-04-24 10:11:13', '2025-04-24 10:11:13'),
(364, 1, '2025-05-16 19:00:00', '2025-05-16 20:00:00', 'available', NULL, '2025-04-24 10:11:13', '2025-04-24 10:11:13'),
(365, 1, '2025-05-16 20:00:00', '2025-05-16 21:00:00', 'available', NULL, '2025-04-24 10:11:13', '2025-04-24 10:11:13'),
(366, 1, '2025-05-16 21:00:00', '2025-05-16 22:00:00', 'available', NULL, '2025-04-24 10:11:13', '2025-04-24 10:11:13'),
(367, 1, '2025-05-16 22:00:00', '2025-05-16 23:00:00', 'available', NULL, '2025-04-24 10:11:13', '2025-04-24 10:11:13'),
(368, 1, '2025-05-16 23:00:00', '2025-05-17 00:00:00', 'available', NULL, '2025-04-24 10:11:13', '2025-04-24 10:11:13'),
(369, 1, '2025-05-17 08:00:00', '2025-05-17 09:00:00', 'available', NULL, '2025-04-24 10:11:13', '2025-04-24 10:11:13'),
(370, 1, '2025-05-17 09:00:00', '2025-05-17 10:00:00', 'available', NULL, '2025-04-24 10:11:13', '2025-04-24 10:11:13'),
(371, 1, '2025-05-17 10:00:00', '2025-05-17 11:00:00', 'available', NULL, '2025-04-24 10:11:13', '2025-04-24 10:11:13'),
(372, 1, '2025-05-17 11:00:00', '2025-05-17 12:00:00', 'available', NULL, '2025-04-24 10:11:13', '2025-04-24 10:11:13'),
(373, 1, '2025-05-17 12:00:00', '2025-05-17 13:00:00', 'available', NULL, '2025-04-24 10:11:13', '2025-04-24 10:11:13'),
(374, 1, '2025-05-17 13:00:00', '2025-05-17 14:00:00', 'available', NULL, '2025-04-24 10:11:13', '2025-04-24 10:11:13'),
(375, 1, '2025-05-17 14:00:00', '2025-05-17 15:00:00', 'available', NULL, '2025-04-24 10:11:13', '2025-04-24 10:11:13'),
(376, 1, '2025-05-17 15:00:00', '2025-05-17 16:00:00', 'available', NULL, '2025-04-24 10:11:13', '2025-04-24 10:11:13'),
(377, 1, '2025-05-17 16:00:00', '2025-05-17 17:00:00', 'available', NULL, '2025-04-24 10:11:13', '2025-04-24 10:11:13'),
(378, 1, '2025-05-17 17:00:00', '2025-05-17 18:00:00', 'available', NULL, '2025-04-24 10:11:13', '2025-04-24 10:11:13'),
(379, 1, '2025-05-17 18:00:00', '2025-05-17 19:00:00', 'available', NULL, '2025-04-24 10:11:13', '2025-04-24 10:11:13'),
(380, 1, '2025-05-17 19:00:00', '2025-05-17 20:00:00', 'available', NULL, '2025-04-24 10:11:13', '2025-04-24 10:11:13'),
(381, 1, '2025-05-17 20:00:00', '2025-05-17 21:00:00', 'available', NULL, '2025-04-24 10:11:13', '2025-04-24 10:11:13'),
(382, 1, '2025-05-17 21:00:00', '2025-05-17 22:00:00', 'booked', NULL, '2025-04-24 10:11:13', '2025-04-24 10:17:13'),
(383, 1, '2025-05-17 22:00:00', '2025-05-17 23:00:00', 'available', NULL, '2025-04-24 10:11:13', '2025-04-24 10:11:13'),
(384, 1, '2025-05-17 23:00:00', '2025-05-18 00:00:00', 'available', NULL, '2025-04-24 10:11:13', '2025-04-24 10:11:13'),
(385, 1, '2025-05-18 08:00:00', '2025-05-18 09:00:00', 'available', NULL, '2025-04-24 10:11:13', '2025-04-24 10:11:13'),
(386, 1, '2025-05-18 09:00:00', '2025-05-18 10:00:00', 'available', NULL, '2025-04-24 10:11:13', '2025-04-24 10:11:13'),
(387, 1, '2025-05-18 10:00:00', '2025-05-18 11:00:00', 'available', NULL, '2025-04-24 10:11:13', '2025-04-24 10:11:13'),
(388, 1, '2025-05-18 11:00:00', '2025-05-18 12:00:00', 'available', NULL, '2025-04-24 10:11:13', '2025-04-24 10:11:13'),
(389, 1, '2025-05-18 12:00:00', '2025-05-18 13:00:00', 'available', NULL, '2025-04-24 10:11:13', '2025-04-24 10:11:13'),
(390, 1, '2025-05-18 13:00:00', '2025-05-18 14:00:00', 'available', NULL, '2025-04-24 10:11:13', '2025-04-24 10:11:13'),
(391, 1, '2025-05-18 14:00:00', '2025-05-18 15:00:00', 'available', NULL, '2025-04-24 10:11:13', '2025-04-24 10:11:13'),
(392, 1, '2025-05-18 15:00:00', '2025-05-18 16:00:00', 'available', NULL, '2025-04-24 10:11:13', '2025-04-24 10:11:13'),
(393, 1, '2025-05-18 16:00:00', '2025-05-18 17:00:00', 'available', NULL, '2025-04-24 10:11:13', '2025-04-24 10:11:13'),
(394, 1, '2025-05-18 17:00:00', '2025-05-18 18:00:00', 'available', NULL, '2025-04-24 10:11:13', '2025-04-24 10:11:13'),
(395, 1, '2025-05-18 18:00:00', '2025-05-18 19:00:00', 'available', NULL, '2025-04-24 10:11:13', '2025-04-24 10:11:13'),
(396, 1, '2025-05-18 19:00:00', '2025-05-18 20:00:00', 'booked', NULL, '2025-04-24 10:11:13', '2025-04-24 11:19:27'),
(397, 1, '2025-05-18 20:00:00', '2025-05-18 21:00:00', 'available', NULL, '2025-04-24 10:11:13', '2025-04-24 10:11:13'),
(398, 1, '2025-05-18 21:00:00', '2025-05-18 22:00:00', 'available', NULL, '2025-04-24 10:11:13', '2025-04-24 10:11:13'),
(399, 1, '2025-05-18 22:00:00', '2025-05-18 23:00:00', 'available', NULL, '2025-04-24 10:11:13', '2025-04-24 10:11:13'),
(400, 1, '2025-05-18 23:00:00', '2025-05-19 00:00:00', 'available', NULL, '2025-04-24 10:11:13', '2025-04-24 10:11:13'),
(401, 1, '2025-05-19 08:00:00', '2025-05-19 09:00:00', 'available', NULL, '2025-04-24 10:11:13', '2025-04-24 10:11:13'),
(402, 1, '2025-05-19 09:00:00', '2025-05-19 10:00:00', 'available', NULL, '2025-04-24 10:11:13', '2025-04-24 10:11:13'),
(403, 1, '2025-05-19 10:00:00', '2025-05-19 11:00:00', 'available', NULL, '2025-04-24 10:11:13', '2025-04-24 10:11:13'),
(404, 1, '2025-05-19 11:00:00', '2025-05-19 12:00:00', 'available', NULL, '2025-04-24 10:11:13', '2025-04-24 10:11:13'),
(405, 1, '2025-05-19 12:00:00', '2025-05-19 13:00:00', 'available', NULL, '2025-04-24 10:11:13', '2025-04-24 10:11:13'),
(406, 1, '2025-05-19 13:00:00', '2025-05-19 14:00:00', 'available', NULL, '2025-04-24 10:11:13', '2025-04-24 10:11:13'),
(407, 1, '2025-05-19 14:00:00', '2025-05-19 15:00:00', 'available', NULL, '2025-04-24 10:11:13', '2025-04-24 10:11:13'),
(408, 1, '2025-05-19 15:00:00', '2025-05-19 16:00:00', 'available', NULL, '2025-04-24 10:11:13', '2025-04-24 10:11:13'),
(409, 1, '2025-05-19 16:00:00', '2025-05-19 17:00:00', 'available', NULL, '2025-04-24 10:11:13', '2025-04-24 10:11:13'),
(410, 1, '2025-05-19 17:00:00', '2025-05-19 18:00:00', 'available', NULL, '2025-04-24 10:11:13', '2025-04-24 10:11:13'),
(411, 1, '2025-05-19 18:00:00', '2025-05-19 19:00:00', 'available', NULL, '2025-04-24 10:11:13', '2025-04-24 10:11:13'),
(412, 1, '2025-05-19 19:00:00', '2025-05-19 20:00:00', 'available', NULL, '2025-04-24 10:11:13', '2025-04-24 10:11:13'),
(413, 1, '2025-05-19 20:00:00', '2025-05-19 21:00:00', 'available', NULL, '2025-04-24 10:11:13', '2025-04-24 10:11:13'),
(414, 1, '2025-05-19 21:00:00', '2025-05-19 22:00:00', 'available', NULL, '2025-04-24 10:11:13', '2025-04-24 10:11:13'),
(415, 1, '2025-05-19 22:00:00', '2025-05-19 23:00:00', 'available', NULL, '2025-04-24 10:11:13', '2025-04-24 10:11:13'),
(416, 1, '2025-05-19 23:00:00', '2025-05-20 00:00:00', 'available', NULL, '2025-04-24 10:11:13', '2025-04-24 10:11:13'),
(417, 1, '2025-05-20 08:00:00', '2025-05-20 09:00:00', 'available', NULL, '2025-04-24 10:11:13', '2025-04-24 10:11:13'),
(418, 1, '2025-05-20 09:00:00', '2025-05-20 10:00:00', 'available', NULL, '2025-04-24 10:11:13', '2025-04-24 10:11:13'),
(419, 1, '2025-05-20 10:00:00', '2025-05-20 11:00:00', 'available', NULL, '2025-04-24 10:11:13', '2025-04-24 10:11:13'),
(420, 1, '2025-05-20 11:00:00', '2025-05-20 12:00:00', 'available', NULL, '2025-04-24 10:11:13', '2025-04-24 10:11:13');
INSERT INTO `schedules` (`id`, `field_id`, `start_time`, `end_time`, `status`, `booked_by_user_id`, `created_at`, `updated_at`) VALUES
(421, 1, '2025-05-20 12:00:00', '2025-05-20 13:00:00', 'available', NULL, '2025-04-24 10:11:13', '2025-04-24 10:11:13'),
(422, 1, '2025-05-20 13:00:00', '2025-05-20 14:00:00', 'available', NULL, '2025-04-24 10:11:13', '2025-04-24 10:11:13'),
(423, 1, '2025-05-20 14:00:00', '2025-05-20 15:00:00', 'available', NULL, '2025-04-24 10:11:13', '2025-04-24 10:11:13'),
(424, 1, '2025-05-20 15:00:00', '2025-05-20 16:00:00', 'available', NULL, '2025-04-24 10:11:13', '2025-04-24 10:11:13'),
(425, 1, '2025-05-20 16:00:00', '2025-05-20 17:00:00', 'available', NULL, '2025-04-24 10:11:13', '2025-04-24 10:11:13'),
(426, 1, '2025-05-20 17:00:00', '2025-05-20 18:00:00', 'available', NULL, '2025-04-24 10:11:13', '2025-04-24 10:11:13'),
(427, 1, '2025-05-20 18:00:00', '2025-05-20 19:00:00', 'available', NULL, '2025-04-24 10:11:13', '2025-04-24 10:11:13'),
(428, 1, '2025-05-20 19:00:00', '2025-05-20 20:00:00', 'available', NULL, '2025-04-24 10:11:13', '2025-04-24 10:11:13'),
(429, 1, '2025-05-20 20:00:00', '2025-05-20 21:00:00', 'available', NULL, '2025-04-24 10:11:13', '2025-04-24 10:11:13'),
(430, 1, '2025-05-20 21:00:00', '2025-05-20 22:00:00', 'available', NULL, '2025-04-24 10:11:13', '2025-04-24 10:11:13'),
(431, 1, '2025-05-20 22:00:00', '2025-05-20 23:00:00', 'available', NULL, '2025-04-24 10:11:13', '2025-04-24 10:11:13'),
(432, 1, '2025-05-20 23:00:00', '2025-05-21 00:00:00', 'available', NULL, '2025-04-24 10:11:13', '2025-04-24 10:11:13'),
(433, 1, '2025-05-21 08:00:00', '2025-05-21 09:00:00', 'available', NULL, '2025-04-24 10:11:13', '2025-04-24 10:11:13'),
(434, 1, '2025-05-21 09:00:00', '2025-05-21 10:00:00', 'available', NULL, '2025-04-24 10:11:13', '2025-04-24 10:11:13'),
(435, 1, '2025-05-21 10:00:00', '2025-05-21 11:00:00', 'available', NULL, '2025-04-24 10:11:13', '2025-04-24 10:11:13'),
(436, 1, '2025-05-21 11:00:00', '2025-05-21 12:00:00', 'available', NULL, '2025-04-24 10:11:13', '2025-04-24 10:11:13'),
(437, 1, '2025-05-21 12:00:00', '2025-05-21 13:00:00', 'available', NULL, '2025-04-24 10:11:13', '2025-04-24 10:11:13'),
(438, 1, '2025-05-21 13:00:00', '2025-05-21 14:00:00', 'available', NULL, '2025-04-24 10:11:13', '2025-04-24 10:11:13'),
(439, 1, '2025-05-21 14:00:00', '2025-05-21 15:00:00', 'available', NULL, '2025-04-24 10:11:13', '2025-04-24 10:11:13'),
(440, 1, '2025-05-21 15:00:00', '2025-05-21 16:00:00', 'available', NULL, '2025-04-24 10:11:13', '2025-04-24 10:11:13'),
(441, 1, '2025-05-21 16:00:00', '2025-05-21 17:00:00', 'available', NULL, '2025-04-24 10:11:13', '2025-04-24 10:11:13'),
(442, 1, '2025-05-21 17:00:00', '2025-05-21 18:00:00', 'available', NULL, '2025-04-24 10:11:13', '2025-04-24 10:11:13'),
(443, 1, '2025-05-21 18:00:00', '2025-05-21 19:00:00', 'available', NULL, '2025-04-24 10:11:13', '2025-04-24 10:11:13'),
(444, 1, '2025-05-21 19:00:00', '2025-05-21 20:00:00', 'available', NULL, '2025-04-24 10:11:13', '2025-04-24 10:11:13'),
(445, 1, '2025-05-21 20:00:00', '2025-05-21 21:00:00', 'available', NULL, '2025-04-24 10:11:13', '2025-04-24 10:11:13'),
(446, 1, '2025-05-21 21:00:00', '2025-05-21 22:00:00', 'available', NULL, '2025-04-24 10:11:13', '2025-04-24 10:11:13'),
(447, 1, '2025-05-21 22:00:00', '2025-05-21 23:00:00', 'available', NULL, '2025-04-24 10:11:13', '2025-04-24 10:11:13'),
(448, 1, '2025-05-21 23:00:00', '2025-05-22 00:00:00', 'available', NULL, '2025-04-24 10:11:13', '2025-04-24 10:11:13'),
(449, 1, '2025-05-22 08:00:00', '2025-05-22 09:00:00', 'available', NULL, '2025-04-24 10:11:13', '2025-04-24 10:11:13'),
(450, 1, '2025-05-22 09:00:00', '2025-05-22 10:00:00', 'available', NULL, '2025-04-24 10:11:13', '2025-04-24 10:11:13'),
(451, 1, '2025-05-22 10:00:00', '2025-05-22 11:00:00', 'available', NULL, '2025-04-24 10:11:13', '2025-04-24 10:11:13'),
(452, 1, '2025-05-22 11:00:00', '2025-05-22 12:00:00', 'available', NULL, '2025-04-24 10:11:13', '2025-04-24 10:11:13'),
(453, 1, '2025-05-22 12:00:00', '2025-05-22 13:00:00', 'available', NULL, '2025-04-24 10:11:13', '2025-04-24 10:11:13'),
(454, 1, '2025-05-22 13:00:00', '2025-05-22 14:00:00', 'available', NULL, '2025-04-24 10:11:13', '2025-04-24 10:11:13'),
(455, 1, '2025-05-22 14:00:00', '2025-05-22 15:00:00', 'available', NULL, '2025-04-24 10:11:13', '2025-04-24 10:11:13'),
(456, 1, '2025-05-22 15:00:00', '2025-05-22 16:00:00', 'available', NULL, '2025-04-24 10:11:13', '2025-04-24 10:11:13'),
(457, 1, '2025-05-22 16:00:00', '2025-05-22 17:00:00', 'available', NULL, '2025-04-24 10:11:13', '2025-04-24 10:11:13'),
(458, 1, '2025-05-22 17:00:00', '2025-05-22 18:00:00', 'available', NULL, '2025-04-24 10:11:13', '2025-04-24 10:11:13'),
(459, 1, '2025-05-22 18:00:00', '2025-05-22 19:00:00', 'available', NULL, '2025-04-24 10:11:13', '2025-04-24 10:11:13'),
(460, 1, '2025-05-22 19:00:00', '2025-05-22 20:00:00', 'available', NULL, '2025-04-24 10:11:13', '2025-04-24 10:11:13'),
(461, 1, '2025-05-22 20:00:00', '2025-05-22 21:00:00', 'available', NULL, '2025-04-24 10:11:13', '2025-04-24 10:11:13'),
(462, 1, '2025-05-22 21:00:00', '2025-05-22 22:00:00', 'available', NULL, '2025-04-24 10:11:13', '2025-04-24 10:11:13'),
(463, 1, '2025-05-22 22:00:00', '2025-05-22 23:00:00', 'available', NULL, '2025-04-24 10:11:13', '2025-04-24 10:11:13'),
(464, 1, '2025-05-22 23:00:00', '2025-05-23 00:00:00', 'available', NULL, '2025-04-24 10:11:13', '2025-04-24 10:11:13'),
(465, 1, '2025-05-23 08:00:00', '2025-05-23 09:00:00', 'available', NULL, '2025-04-24 10:11:13', '2025-04-24 10:11:13'),
(466, 1, '2025-05-23 09:00:00', '2025-05-23 10:00:00', 'available', NULL, '2025-04-24 10:11:13', '2025-04-24 10:11:13'),
(467, 1, '2025-05-23 10:00:00', '2025-05-23 11:00:00', 'available', NULL, '2025-04-24 10:11:13', '2025-04-24 10:11:13'),
(468, 1, '2025-05-23 11:00:00', '2025-05-23 12:00:00', 'available', NULL, '2025-04-24 10:11:13', '2025-04-24 10:11:13'),
(469, 1, '2025-05-23 12:00:00', '2025-05-23 13:00:00', 'available', NULL, '2025-04-24 10:11:13', '2025-04-24 10:11:13'),
(470, 1, '2025-05-23 13:00:00', '2025-05-23 14:00:00', 'available', NULL, '2025-04-24 10:11:13', '2025-04-24 10:11:13'),
(471, 1, '2025-05-23 14:00:00', '2025-05-23 15:00:00', 'available', NULL, '2025-04-24 10:11:13', '2025-04-24 10:11:13'),
(472, 1, '2025-05-23 15:00:00', '2025-05-23 16:00:00', 'available', NULL, '2025-04-24 10:11:13', '2025-04-24 10:11:13'),
(473, 1, '2025-05-23 16:00:00', '2025-05-23 17:00:00', 'available', NULL, '2025-04-24 10:11:13', '2025-04-24 10:11:13'),
(474, 1, '2025-05-23 17:00:00', '2025-05-23 18:00:00', 'available', NULL, '2025-04-24 10:11:13', '2025-04-24 10:11:13'),
(475, 1, '2025-05-23 18:00:00', '2025-05-23 19:00:00', 'available', NULL, '2025-04-24 10:11:13', '2025-04-24 10:11:13'),
(476, 1, '2025-05-23 19:00:00', '2025-05-23 20:00:00', 'available', NULL, '2025-04-24 10:11:13', '2025-04-24 10:11:13'),
(477, 1, '2025-05-23 20:00:00', '2025-05-23 21:00:00', 'available', NULL, '2025-04-24 10:11:13', '2025-04-24 10:11:13'),
(478, 1, '2025-05-23 21:00:00', '2025-05-23 22:00:00', 'available', NULL, '2025-04-24 10:11:13', '2025-04-24 10:11:13'),
(479, 1, '2025-05-23 22:00:00', '2025-05-23 23:00:00', 'available', NULL, '2025-04-24 10:11:13', '2025-04-24 10:11:13'),
(480, 1, '2025-05-23 23:00:00', '2025-05-24 00:00:00', 'available', NULL, '2025-04-24 10:11:13', '2025-04-24 10:11:13'),
(481, 2, '2025-04-24 08:00:00', '2025-04-24 09:00:00', 'available', NULL, '2025-04-24 10:11:13', '2025-04-24 10:11:13'),
(482, 2, '2025-04-24 09:00:00', '2025-04-24 10:00:00', 'available', NULL, '2025-04-24 10:11:13', '2025-04-24 10:11:13'),
(483, 2, '2025-04-24 10:00:00', '2025-04-24 11:00:00', 'available', NULL, '2025-04-24 10:11:13', '2025-04-24 10:11:13'),
(484, 2, '2025-04-24 11:00:00', '2025-04-24 12:00:00', 'available', NULL, '2025-04-24 10:11:13', '2025-04-24 10:11:13'),
(485, 2, '2025-04-24 12:00:00', '2025-04-24 13:00:00', 'available', NULL, '2025-04-24 10:11:13', '2025-04-24 10:11:13'),
(486, 2, '2025-04-24 13:00:00', '2025-04-24 14:00:00', 'available', NULL, '2025-04-24 10:11:13', '2025-04-24 10:11:13'),
(487, 2, '2025-04-24 14:00:00', '2025-04-24 15:00:00', 'available', NULL, '2025-04-24 10:11:13', '2025-04-24 10:11:13'),
(488, 2, '2025-04-24 15:00:00', '2025-04-24 16:00:00', 'available', NULL, '2025-04-24 10:11:13', '2025-04-24 10:11:13'),
(489, 2, '2025-04-24 16:00:00', '2025-04-24 17:00:00', 'available', NULL, '2025-04-24 10:11:13', '2025-04-24 10:11:13'),
(490, 2, '2025-04-24 17:00:00', '2025-04-24 18:00:00', 'available', NULL, '2025-04-24 10:11:13', '2025-04-24 10:11:13'),
(491, 2, '2025-04-24 18:00:00', '2025-04-24 19:00:00', 'available', NULL, '2025-04-24 10:11:13', '2025-04-24 10:11:13'),
(492, 2, '2025-04-24 19:00:00', '2025-04-24 20:00:00', 'available', NULL, '2025-04-24 10:11:13', '2025-04-24 10:11:13'),
(493, 2, '2025-04-24 20:00:00', '2025-04-24 21:00:00', 'available', NULL, '2025-04-24 10:11:13', '2025-04-24 10:11:13'),
(494, 2, '2025-04-24 21:00:00', '2025-04-24 22:00:00', 'available', NULL, '2025-04-24 10:11:13', '2025-04-24 10:11:13'),
(495, 2, '2025-04-24 22:00:00', '2025-04-24 23:00:00', 'available', NULL, '2025-04-24 10:11:13', '2025-04-24 10:11:13'),
(496, 2, '2025-04-24 23:00:00', '2025-04-25 00:00:00', 'available', NULL, '2025-04-24 10:11:13', '2025-04-24 10:11:13'),
(497, 2, '2025-04-25 08:00:00', '2025-04-25 09:00:00', 'available', NULL, '2025-04-24 10:11:13', '2025-04-24 10:11:13'),
(498, 2, '2025-04-25 09:00:00', '2025-04-25 10:00:00', 'available', NULL, '2025-04-24 10:11:13', '2025-04-24 10:11:13'),
(499, 2, '2025-04-25 10:00:00', '2025-04-25 11:00:00', 'available', NULL, '2025-04-24 10:11:13', '2025-04-24 10:11:13'),
(500, 2, '2025-04-25 11:00:00', '2025-04-25 12:00:00', 'available', NULL, '2025-04-24 10:11:13', '2025-04-24 10:11:13'),
(501, 2, '2025-04-25 12:00:00', '2025-04-25 13:00:00', 'available', NULL, '2025-04-24 10:11:13', '2025-04-24 10:11:13'),
(502, 2, '2025-04-25 13:00:00', '2025-04-25 14:00:00', 'available', NULL, '2025-04-24 10:11:13', '2025-04-24 10:11:13'),
(503, 2, '2025-04-25 14:00:00', '2025-04-25 15:00:00', 'available', NULL, '2025-04-24 10:11:13', '2025-04-24 10:11:13'),
(504, 2, '2025-04-25 15:00:00', '2025-04-25 16:00:00', 'available', NULL, '2025-04-24 10:11:13', '2025-04-24 10:11:13'),
(505, 2, '2025-04-25 16:00:00', '2025-04-25 17:00:00', 'available', NULL, '2025-04-24 10:11:13', '2025-04-24 10:11:13'),
(506, 2, '2025-04-25 17:00:00', '2025-04-25 18:00:00', 'available', NULL, '2025-04-24 10:11:13', '2025-04-24 10:11:13'),
(507, 2, '2025-04-25 18:00:00', '2025-04-25 19:00:00', 'available', NULL, '2025-04-24 10:11:13', '2025-04-24 10:11:13'),
(508, 2, '2025-04-25 19:00:00', '2025-04-25 20:00:00', 'available', NULL, '2025-04-24 10:11:13', '2025-04-24 10:11:13'),
(509, 2, '2025-04-25 20:00:00', '2025-04-25 21:00:00', 'available', NULL, '2025-04-24 10:11:13', '2025-04-24 10:11:13'),
(510, 2, '2025-04-25 21:00:00', '2025-04-25 22:00:00', 'available', NULL, '2025-04-24 10:11:13', '2025-04-24 10:11:13'),
(511, 2, '2025-04-25 22:00:00', '2025-04-25 23:00:00', 'available', NULL, '2025-04-24 10:11:13', '2025-04-24 10:11:13'),
(512, 2, '2025-04-25 23:00:00', '2025-04-26 00:00:00', 'available', NULL, '2025-04-24 10:11:13', '2025-04-24 10:11:13'),
(513, 2, '2025-04-26 08:00:00', '2025-04-26 09:00:00', 'available', NULL, '2025-04-24 10:11:13', '2025-04-24 10:11:13'),
(514, 2, '2025-04-26 09:00:00', '2025-04-26 10:00:00', 'available', NULL, '2025-04-24 10:11:13', '2025-04-24 10:11:13'),
(515, 2, '2025-04-26 10:00:00', '2025-04-26 11:00:00', 'available', NULL, '2025-04-24 10:11:13', '2025-04-24 10:11:13'),
(516, 2, '2025-04-26 11:00:00', '2025-04-26 12:00:00', 'available', NULL, '2025-04-24 10:11:13', '2025-04-24 10:11:13'),
(517, 2, '2025-04-26 12:00:00', '2025-04-26 13:00:00', 'available', NULL, '2025-04-24 10:11:13', '2025-04-24 10:11:13'),
(518, 2, '2025-04-26 13:00:00', '2025-04-26 14:00:00', 'available', NULL, '2025-04-24 10:11:13', '2025-04-24 10:11:13'),
(519, 2, '2025-04-26 14:00:00', '2025-04-26 15:00:00', 'available', NULL, '2025-04-24 10:11:13', '2025-04-24 10:11:13'),
(520, 2, '2025-04-26 15:00:00', '2025-04-26 16:00:00', 'available', NULL, '2025-04-24 10:11:13', '2025-04-24 10:11:13'),
(521, 2, '2025-04-26 16:00:00', '2025-04-26 17:00:00', 'available', NULL, '2025-04-24 10:11:13', '2025-04-24 10:11:13'),
(522, 2, '2025-04-26 17:00:00', '2025-04-26 18:00:00', 'available', NULL, '2025-04-24 10:11:13', '2025-04-24 10:11:13'),
(523, 2, '2025-04-26 18:00:00', '2025-04-26 19:00:00', 'available', NULL, '2025-04-24 10:11:13', '2025-04-24 10:11:13'),
(524, 2, '2025-04-26 19:00:00', '2025-04-26 20:00:00', 'available', NULL, '2025-04-24 10:11:13', '2025-04-24 10:11:13'),
(525, 2, '2025-04-26 20:00:00', '2025-04-26 21:00:00', 'available', NULL, '2025-04-24 10:11:13', '2025-04-24 10:11:13'),
(526, 2, '2025-04-26 21:00:00', '2025-04-26 22:00:00', 'available', NULL, '2025-04-24 10:11:13', '2025-04-24 10:11:13'),
(527, 2, '2025-04-26 22:00:00', '2025-04-26 23:00:00', 'available', NULL, '2025-04-24 10:11:13', '2025-04-24 10:11:13'),
(528, 2, '2025-04-26 23:00:00', '2025-04-27 00:00:00', 'available', NULL, '2025-04-24 10:11:13', '2025-04-24 10:11:13'),
(529, 2, '2025-04-27 08:00:00', '2025-04-27 09:00:00', 'available', NULL, '2025-04-24 10:11:13', '2025-04-24 10:11:13'),
(530, 2, '2025-04-27 09:00:00', '2025-04-27 10:00:00', 'available', NULL, '2025-04-24 10:11:13', '2025-04-24 10:11:13'),
(531, 2, '2025-04-27 10:00:00', '2025-04-27 11:00:00', 'available', NULL, '2025-04-24 10:11:13', '2025-04-24 10:11:13'),
(532, 2, '2025-04-27 11:00:00', '2025-04-27 12:00:00', 'available', NULL, '2025-04-24 10:11:13', '2025-04-24 10:11:13'),
(533, 2, '2025-04-27 12:00:00', '2025-04-27 13:00:00', 'available', NULL, '2025-04-24 10:11:13', '2025-04-24 10:11:13'),
(534, 2, '2025-04-27 13:00:00', '2025-04-27 14:00:00', 'available', NULL, '2025-04-24 10:11:13', '2025-04-24 10:11:13'),
(535, 2, '2025-04-27 14:00:00', '2025-04-27 15:00:00', 'available', NULL, '2025-04-24 10:11:13', '2025-04-24 10:11:13'),
(536, 2, '2025-04-27 15:00:00', '2025-04-27 16:00:00', 'available', NULL, '2025-04-24 10:11:13', '2025-04-24 10:11:13'),
(537, 2, '2025-04-27 16:00:00', '2025-04-27 17:00:00', 'available', NULL, '2025-04-24 10:11:13', '2025-04-24 10:11:13'),
(538, 2, '2025-04-27 17:00:00', '2025-04-27 18:00:00', 'available', NULL, '2025-04-24 10:11:13', '2025-04-24 10:11:13'),
(539, 2, '2025-04-27 18:00:00', '2025-04-27 19:00:00', 'available', NULL, '2025-04-24 10:11:13', '2025-04-24 10:11:13'),
(540, 2, '2025-04-27 19:00:00', '2025-04-27 20:00:00', 'available', NULL, '2025-04-24 10:11:13', '2025-04-24 10:11:13'),
(541, 2, '2025-04-27 20:00:00', '2025-04-27 21:00:00', 'available', NULL, '2025-04-24 10:11:13', '2025-04-24 10:11:13'),
(542, 2, '2025-04-27 21:00:00', '2025-04-27 22:00:00', 'available', NULL, '2025-04-24 10:11:13', '2025-04-24 10:11:13'),
(543, 2, '2025-04-27 22:00:00', '2025-04-27 23:00:00', 'available', NULL, '2025-04-24 10:11:13', '2025-04-24 10:11:13'),
(544, 2, '2025-04-27 23:00:00', '2025-04-28 00:00:00', 'available', NULL, '2025-04-24 10:11:13', '2025-04-24 10:11:13'),
(545, 2, '2025-04-28 08:00:00', '2025-04-28 09:00:00', 'available', NULL, '2025-04-24 10:11:13', '2025-04-24 10:11:13'),
(546, 2, '2025-04-28 09:00:00', '2025-04-28 10:00:00', 'available', NULL, '2025-04-24 10:11:13', '2025-04-24 10:11:13'),
(547, 2, '2025-04-28 10:00:00', '2025-04-28 11:00:00', 'available', NULL, '2025-04-24 10:11:13', '2025-04-24 10:11:13'),
(548, 2, '2025-04-28 11:00:00', '2025-04-28 12:00:00', 'available', NULL, '2025-04-24 10:11:13', '2025-04-24 10:11:13'),
(549, 2, '2025-04-28 12:00:00', '2025-04-28 13:00:00', 'available', NULL, '2025-04-24 10:11:13', '2025-04-24 10:11:13'),
(550, 2, '2025-04-28 13:00:00', '2025-04-28 14:00:00', 'available', NULL, '2025-04-24 10:11:13', '2025-04-24 10:11:13'),
(551, 2, '2025-04-28 14:00:00', '2025-04-28 15:00:00', 'available', NULL, '2025-04-24 10:11:13', '2025-04-24 10:11:13'),
(552, 2, '2025-04-28 15:00:00', '2025-04-28 16:00:00', 'available', NULL, '2025-04-24 10:11:13', '2025-04-24 10:11:13'),
(553, 2, '2025-04-28 16:00:00', '2025-04-28 17:00:00', 'available', NULL, '2025-04-24 10:11:13', '2025-04-24 10:11:13'),
(554, 2, '2025-04-28 17:00:00', '2025-04-28 18:00:00', 'available', NULL, '2025-04-24 10:11:13', '2025-04-24 10:11:13'),
(555, 2, '2025-04-28 18:00:00', '2025-04-28 19:00:00', 'available', NULL, '2025-04-24 10:11:13', '2025-04-24 10:11:13'),
(556, 2, '2025-04-28 19:00:00', '2025-04-28 20:00:00', 'available', NULL, '2025-04-24 10:11:13', '2025-04-24 10:11:13'),
(557, 2, '2025-04-28 20:00:00', '2025-04-28 21:00:00', 'available', NULL, '2025-04-24 10:11:13', '2025-04-24 10:11:13'),
(558, 2, '2025-04-28 21:00:00', '2025-04-28 22:00:00', 'available', NULL, '2025-04-24 10:11:13', '2025-04-24 10:11:13'),
(559, 2, '2025-04-28 22:00:00', '2025-04-28 23:00:00', 'available', NULL, '2025-04-24 10:11:13', '2025-04-24 10:11:13'),
(560, 2, '2025-04-28 23:00:00', '2025-04-29 00:00:00', 'available', NULL, '2025-04-24 10:11:13', '2025-04-24 10:11:13'),
(561, 2, '2025-04-29 08:00:00', '2025-04-29 09:00:00', 'available', NULL, '2025-04-24 10:11:13', '2025-04-24 10:11:13'),
(562, 2, '2025-04-29 09:00:00', '2025-04-29 10:00:00', 'available', NULL, '2025-04-24 10:11:13', '2025-04-24 10:11:13'),
(563, 2, '2025-04-29 10:00:00', '2025-04-29 11:00:00', 'available', NULL, '2025-04-24 10:11:13', '2025-04-24 10:11:13'),
(564, 2, '2025-04-29 11:00:00', '2025-04-29 12:00:00', 'available', NULL, '2025-04-24 10:11:13', '2025-04-24 10:11:13'),
(565, 2, '2025-04-29 12:00:00', '2025-04-29 13:00:00', 'available', NULL, '2025-04-24 10:11:13', '2025-04-24 10:11:13'),
(566, 2, '2025-04-29 13:00:00', '2025-04-29 14:00:00', 'available', NULL, '2025-04-24 10:11:13', '2025-04-24 10:11:13'),
(567, 2, '2025-04-29 14:00:00', '2025-04-29 15:00:00', 'available', NULL, '2025-04-24 10:11:13', '2025-04-24 10:11:13'),
(568, 2, '2025-04-29 15:00:00', '2025-04-29 16:00:00', 'available', NULL, '2025-04-24 10:11:13', '2025-04-24 10:11:13'),
(569, 2, '2025-04-29 16:00:00', '2025-04-29 17:00:00', 'available', NULL, '2025-04-24 10:11:13', '2025-04-24 10:11:13'),
(570, 2, '2025-04-29 17:00:00', '2025-04-29 18:00:00', 'available', NULL, '2025-04-24 10:11:13', '2025-04-24 10:11:13'),
(571, 2, '2025-04-29 18:00:00', '2025-04-29 19:00:00', 'available', NULL, '2025-04-24 10:11:13', '2025-04-24 10:11:13'),
(572, 2, '2025-04-29 19:00:00', '2025-04-29 20:00:00', 'available', NULL, '2025-04-24 10:11:13', '2025-04-24 10:11:13'),
(573, 2, '2025-04-29 20:00:00', '2025-04-29 21:00:00', 'available', NULL, '2025-04-24 10:11:13', '2025-04-24 10:11:13'),
(574, 2, '2025-04-29 21:00:00', '2025-04-29 22:00:00', 'available', NULL, '2025-04-24 10:11:13', '2025-04-24 10:11:13'),
(575, 2, '2025-04-29 22:00:00', '2025-04-29 23:00:00', 'available', NULL, '2025-04-24 10:11:13', '2025-04-24 10:11:13'),
(576, 2, '2025-04-29 23:00:00', '2025-04-30 00:00:00', 'available', NULL, '2025-04-24 10:11:13', '2025-04-24 10:11:13'),
(577, 2, '2025-04-30 08:00:00', '2025-04-30 09:00:00', 'available', NULL, '2025-04-24 10:11:13', '2025-04-24 10:11:13'),
(578, 2, '2025-04-30 09:00:00', '2025-04-30 10:00:00', 'available', NULL, '2025-04-24 10:11:13', '2025-04-24 10:11:13'),
(579, 2, '2025-04-30 10:00:00', '2025-04-30 11:00:00', 'available', NULL, '2025-04-24 10:11:13', '2025-04-24 10:11:13'),
(580, 2, '2025-04-30 11:00:00', '2025-04-30 12:00:00', 'available', NULL, '2025-04-24 10:11:13', '2025-04-24 10:11:13'),
(581, 2, '2025-04-30 12:00:00', '2025-04-30 13:00:00', 'available', NULL, '2025-04-24 10:11:13', '2025-04-24 10:11:13'),
(582, 2, '2025-04-30 13:00:00', '2025-04-30 14:00:00', 'available', NULL, '2025-04-24 10:11:13', '2025-04-24 10:11:13'),
(583, 2, '2025-04-30 14:00:00', '2025-04-30 15:00:00', 'available', NULL, '2025-04-24 10:11:13', '2025-04-24 10:11:13'),
(584, 2, '2025-04-30 15:00:00', '2025-04-30 16:00:00', 'available', NULL, '2025-04-24 10:11:13', '2025-04-24 10:11:13'),
(585, 2, '2025-04-30 16:00:00', '2025-04-30 17:00:00', 'available', NULL, '2025-04-24 10:11:13', '2025-04-24 10:11:13'),
(586, 2, '2025-04-30 17:00:00', '2025-04-30 18:00:00', 'available', NULL, '2025-04-24 10:11:13', '2025-04-24 10:11:13'),
(587, 2, '2025-04-30 18:00:00', '2025-04-30 19:00:00', 'available', NULL, '2025-04-24 10:11:13', '2025-04-24 10:11:13'),
(588, 2, '2025-04-30 19:00:00', '2025-04-30 20:00:00', 'available', NULL, '2025-04-24 10:11:13', '2025-04-24 10:11:13'),
(589, 2, '2025-04-30 20:00:00', '2025-04-30 21:00:00', 'available', NULL, '2025-04-24 10:11:13', '2025-04-24 10:11:13'),
(590, 2, '2025-04-30 21:00:00', '2025-04-30 22:00:00', 'available', NULL, '2025-04-24 10:11:13', '2025-04-24 10:11:13'),
(591, 2, '2025-04-30 22:00:00', '2025-04-30 23:00:00', 'available', NULL, '2025-04-24 10:11:13', '2025-04-24 10:11:13'),
(592, 2, '2025-04-30 23:00:00', '2025-05-01 00:00:00', 'available', NULL, '2025-04-24 10:11:13', '2025-04-24 10:11:13'),
(593, 2, '2025-05-01 08:00:00', '2025-05-01 09:00:00', 'available', NULL, '2025-04-24 10:11:13', '2025-04-24 10:11:13'),
(594, 2, '2025-05-01 09:00:00', '2025-05-01 10:00:00', 'available', NULL, '2025-04-24 10:11:13', '2025-04-24 10:11:13'),
(595, 2, '2025-05-01 10:00:00', '2025-05-01 11:00:00', 'available', NULL, '2025-04-24 10:11:13', '2025-04-24 10:11:13'),
(596, 2, '2025-05-01 11:00:00', '2025-05-01 12:00:00', 'available', NULL, '2025-04-24 10:11:13', '2025-04-24 10:11:13'),
(597, 2, '2025-05-01 12:00:00', '2025-05-01 13:00:00', 'available', NULL, '2025-04-24 10:11:13', '2025-04-24 10:11:13'),
(598, 2, '2025-05-01 13:00:00', '2025-05-01 14:00:00', 'available', NULL, '2025-04-24 10:11:13', '2025-04-24 10:11:13'),
(599, 2, '2025-05-01 14:00:00', '2025-05-01 15:00:00', 'available', NULL, '2025-04-24 10:11:13', '2025-04-24 10:11:13'),
(600, 2, '2025-05-01 15:00:00', '2025-05-01 16:00:00', 'available', NULL, '2025-04-24 10:11:13', '2025-04-24 10:11:13'),
(601, 2, '2025-05-01 16:00:00', '2025-05-01 17:00:00', 'available', NULL, '2025-04-24 10:11:13', '2025-04-24 10:11:13'),
(602, 2, '2025-05-01 17:00:00', '2025-05-01 18:00:00', 'available', NULL, '2025-04-24 10:11:13', '2025-04-24 10:11:13'),
(603, 2, '2025-05-01 18:00:00', '2025-05-01 19:00:00', 'available', NULL, '2025-04-24 10:11:13', '2025-04-24 10:11:13'),
(604, 2, '2025-05-01 19:00:00', '2025-05-01 20:00:00', 'available', NULL, '2025-04-24 10:11:13', '2025-04-24 10:11:13'),
(605, 2, '2025-05-01 20:00:00', '2025-05-01 21:00:00', 'available', NULL, '2025-04-24 10:11:13', '2025-04-24 10:11:13'),
(606, 2, '2025-05-01 21:00:00', '2025-05-01 22:00:00', 'available', NULL, '2025-04-24 10:11:13', '2025-04-24 10:11:13'),
(607, 2, '2025-05-01 22:00:00', '2025-05-01 23:00:00', 'available', NULL, '2025-04-24 10:11:13', '2025-04-24 10:11:13'),
(608, 2, '2025-05-01 23:00:00', '2025-05-02 00:00:00', 'available', NULL, '2025-04-24 10:11:13', '2025-04-24 10:11:13'),
(609, 2, '2025-05-02 08:00:00', '2025-05-02 09:00:00', 'available', NULL, '2025-04-24 10:11:13', '2025-04-24 10:11:13'),
(610, 2, '2025-05-02 09:00:00', '2025-05-02 10:00:00', 'available', NULL, '2025-04-24 10:11:13', '2025-04-24 10:11:13'),
(611, 2, '2025-05-02 10:00:00', '2025-05-02 11:00:00', 'available', NULL, '2025-04-24 10:11:13', '2025-04-24 10:11:13'),
(612, 2, '2025-05-02 11:00:00', '2025-05-02 12:00:00', 'available', NULL, '2025-04-24 10:11:13', '2025-04-24 10:11:13'),
(613, 2, '2025-05-02 12:00:00', '2025-05-02 13:00:00', 'available', NULL, '2025-04-24 10:11:13', '2025-04-24 10:11:13'),
(614, 2, '2025-05-02 13:00:00', '2025-05-02 14:00:00', 'available', NULL, '2025-04-24 10:11:13', '2025-04-24 10:11:13'),
(615, 2, '2025-05-02 14:00:00', '2025-05-02 15:00:00', 'available', NULL, '2025-04-24 10:11:13', '2025-04-24 10:11:13'),
(616, 2, '2025-05-02 15:00:00', '2025-05-02 16:00:00', 'available', NULL, '2025-04-24 10:11:13', '2025-04-24 10:11:13'),
(617, 2, '2025-05-02 16:00:00', '2025-05-02 17:00:00', 'available', NULL, '2025-04-24 10:11:13', '2025-04-24 10:11:13'),
(618, 2, '2025-05-02 17:00:00', '2025-05-02 18:00:00', 'available', NULL, '2025-04-24 10:11:13', '2025-04-24 10:11:13'),
(619, 2, '2025-05-02 18:00:00', '2025-05-02 19:00:00', 'available', NULL, '2025-04-24 10:11:13', '2025-04-24 10:11:13'),
(620, 2, '2025-05-02 19:00:00', '2025-05-02 20:00:00', 'available', NULL, '2025-04-24 10:11:13', '2025-04-24 10:11:13'),
(621, 2, '2025-05-02 20:00:00', '2025-05-02 21:00:00', 'available', NULL, '2025-04-24 10:11:13', '2025-04-24 10:11:13'),
(622, 2, '2025-05-02 21:00:00', '2025-05-02 22:00:00', 'available', NULL, '2025-04-24 10:11:13', '2025-04-24 10:11:13'),
(623, 2, '2025-05-02 22:00:00', '2025-05-02 23:00:00', 'available', NULL, '2025-04-24 10:11:13', '2025-04-24 10:11:13'),
(624, 2, '2025-05-02 23:00:00', '2025-05-03 00:00:00', 'available', NULL, '2025-04-24 10:11:13', '2025-04-24 10:11:13'),
(625, 2, '2025-05-03 08:00:00', '2025-05-03 09:00:00', 'available', NULL, '2025-04-24 10:11:13', '2025-04-24 10:11:13'),
(626, 2, '2025-05-03 09:00:00', '2025-05-03 10:00:00', 'available', NULL, '2025-04-24 10:11:13', '2025-04-24 10:11:13'),
(627, 2, '2025-05-03 10:00:00', '2025-05-03 11:00:00', 'available', NULL, '2025-04-24 10:11:13', '2025-04-24 10:11:13'),
(628, 2, '2025-05-03 11:00:00', '2025-05-03 12:00:00', 'available', NULL, '2025-04-24 10:11:13', '2025-04-24 10:11:13'),
(629, 2, '2025-05-03 12:00:00', '2025-05-03 13:00:00', 'available', NULL, '2025-04-24 10:11:13', '2025-04-24 10:11:13'),
(630, 2, '2025-05-03 13:00:00', '2025-05-03 14:00:00', 'available', NULL, '2025-04-24 10:11:13', '2025-04-24 10:11:13'),
(631, 2, '2025-05-03 14:00:00', '2025-05-03 15:00:00', 'available', NULL, '2025-04-24 10:11:13', '2025-04-24 10:11:13'),
(632, 2, '2025-05-03 15:00:00', '2025-05-03 16:00:00', 'available', NULL, '2025-04-24 10:11:13', '2025-04-24 10:11:13'),
(633, 2, '2025-05-03 16:00:00', '2025-05-03 17:00:00', 'available', NULL, '2025-04-24 10:11:13', '2025-04-24 10:11:13'),
(634, 2, '2025-05-03 17:00:00', '2025-05-03 18:00:00', 'available', NULL, '2025-04-24 10:11:13', '2025-04-24 10:11:13'),
(635, 2, '2025-05-03 18:00:00', '2025-05-03 19:00:00', 'available', NULL, '2025-04-24 10:11:13', '2025-04-24 10:11:13'),
(636, 2, '2025-05-03 19:00:00', '2025-05-03 20:00:00', 'available', NULL, '2025-04-24 10:11:13', '2025-04-24 10:11:13'),
(637, 2, '2025-05-03 20:00:00', '2025-05-03 21:00:00', 'available', NULL, '2025-04-24 10:11:13', '2025-04-24 10:11:13'),
(638, 2, '2025-05-03 21:00:00', '2025-05-03 22:00:00', 'available', NULL, '2025-04-24 10:11:13', '2025-04-24 10:11:13'),
(639, 2, '2025-05-03 22:00:00', '2025-05-03 23:00:00', 'available', NULL, '2025-04-24 10:11:13', '2025-04-24 10:11:13'),
(640, 2, '2025-05-03 23:00:00', '2025-05-04 00:00:00', 'available', NULL, '2025-04-24 10:11:13', '2025-04-24 10:11:13'),
(641, 2, '2025-05-04 08:00:00', '2025-05-04 09:00:00', 'available', NULL, '2025-04-24 10:11:13', '2025-04-24 10:11:13'),
(642, 2, '2025-05-04 09:00:00', '2025-05-04 10:00:00', 'available', NULL, '2025-04-24 10:11:13', '2025-04-24 10:11:13'),
(643, 2, '2025-05-04 10:00:00', '2025-05-04 11:00:00', 'available', NULL, '2025-04-24 10:11:13', '2025-04-24 10:11:13'),
(644, 2, '2025-05-04 11:00:00', '2025-05-04 12:00:00', 'available', NULL, '2025-04-24 10:11:13', '2025-04-24 10:11:13'),
(645, 2, '2025-05-04 12:00:00', '2025-05-04 13:00:00', 'available', NULL, '2025-04-24 10:11:13', '2025-04-24 10:11:13'),
(646, 2, '2025-05-04 13:00:00', '2025-05-04 14:00:00', 'available', NULL, '2025-04-24 10:11:13', '2025-04-24 10:11:13'),
(647, 2, '2025-05-04 14:00:00', '2025-05-04 15:00:00', 'available', NULL, '2025-04-24 10:11:13', '2025-04-24 10:11:13'),
(648, 2, '2025-05-04 15:00:00', '2025-05-04 16:00:00', 'available', NULL, '2025-04-24 10:11:13', '2025-04-24 10:11:13'),
(649, 2, '2025-05-04 16:00:00', '2025-05-04 17:00:00', 'available', NULL, '2025-04-24 10:11:13', '2025-04-24 10:11:13'),
(650, 2, '2025-05-04 17:00:00', '2025-05-04 18:00:00', 'available', NULL, '2025-04-24 10:11:13', '2025-04-24 10:11:13'),
(651, 2, '2025-05-04 18:00:00', '2025-05-04 19:00:00', 'available', NULL, '2025-04-24 10:11:13', '2025-04-24 10:11:13'),
(652, 2, '2025-05-04 19:00:00', '2025-05-04 20:00:00', 'available', NULL, '2025-04-24 10:11:13', '2025-04-24 10:11:13'),
(653, 2, '2025-05-04 20:00:00', '2025-05-04 21:00:00', 'available', NULL, '2025-04-24 10:11:13', '2025-04-24 10:11:13'),
(654, 2, '2025-05-04 21:00:00', '2025-05-04 22:00:00', 'available', NULL, '2025-04-24 10:11:13', '2025-04-24 10:11:13'),
(655, 2, '2025-05-04 22:00:00', '2025-05-04 23:00:00', 'available', NULL, '2025-04-24 10:11:13', '2025-04-24 10:11:13'),
(656, 2, '2025-05-04 23:00:00', '2025-05-05 00:00:00', 'available', NULL, '2025-04-24 10:11:13', '2025-04-24 10:11:13'),
(657, 2, '2025-05-05 08:00:00', '2025-05-05 09:00:00', 'available', NULL, '2025-04-24 10:11:13', '2025-04-24 10:11:13'),
(658, 2, '2025-05-05 09:00:00', '2025-05-05 10:00:00', 'available', NULL, '2025-04-24 10:11:13', '2025-04-24 10:11:13'),
(659, 2, '2025-05-05 10:00:00', '2025-05-05 11:00:00', 'available', NULL, '2025-04-24 10:11:13', '2025-04-24 10:11:13'),
(660, 2, '2025-05-05 11:00:00', '2025-05-05 12:00:00', 'available', NULL, '2025-04-24 10:11:13', '2025-04-24 10:11:13'),
(661, 2, '2025-05-05 12:00:00', '2025-05-05 13:00:00', 'available', NULL, '2025-04-24 10:11:13', '2025-04-24 10:11:13'),
(662, 2, '2025-05-05 13:00:00', '2025-05-05 14:00:00', 'available', NULL, '2025-04-24 10:11:13', '2025-04-24 10:11:13'),
(663, 2, '2025-05-05 14:00:00', '2025-05-05 15:00:00', 'available', NULL, '2025-04-24 10:11:13', '2025-04-24 10:11:13'),
(664, 2, '2025-05-05 15:00:00', '2025-05-05 16:00:00', 'available', NULL, '2025-04-24 10:11:13', '2025-04-24 10:11:13'),
(665, 2, '2025-05-05 16:00:00', '2025-05-05 17:00:00', 'available', NULL, '2025-04-24 10:11:13', '2025-04-24 10:11:13'),
(666, 2, '2025-05-05 17:00:00', '2025-05-05 18:00:00', 'available', NULL, '2025-04-24 10:11:13', '2025-04-24 10:11:13'),
(667, 2, '2025-05-05 18:00:00', '2025-05-05 19:00:00', 'available', NULL, '2025-04-24 10:11:13', '2025-04-24 10:11:13'),
(668, 2, '2025-05-05 19:00:00', '2025-05-05 20:00:00', 'available', NULL, '2025-04-24 10:11:13', '2025-04-24 10:11:13'),
(669, 2, '2025-05-05 20:00:00', '2025-05-05 21:00:00', 'available', NULL, '2025-04-24 10:11:13', '2025-04-24 10:11:13'),
(670, 2, '2025-05-05 21:00:00', '2025-05-05 22:00:00', 'available', NULL, '2025-04-24 10:11:13', '2025-04-24 10:11:13'),
(671, 2, '2025-05-05 22:00:00', '2025-05-05 23:00:00', 'available', NULL, '2025-04-24 10:11:13', '2025-04-24 10:11:13'),
(672, 2, '2025-05-05 23:00:00', '2025-05-06 00:00:00', 'available', NULL, '2025-04-24 10:11:13', '2025-04-24 10:11:13'),
(673, 2, '2025-05-06 08:00:00', '2025-05-06 09:00:00', 'available', NULL, '2025-04-24 10:11:13', '2025-04-24 10:11:13'),
(674, 2, '2025-05-06 09:00:00', '2025-05-06 10:00:00', 'available', NULL, '2025-04-24 10:11:13', '2025-04-24 10:11:13'),
(675, 2, '2025-05-06 10:00:00', '2025-05-06 11:00:00', 'available', NULL, '2025-04-24 10:11:13', '2025-04-24 10:11:13'),
(676, 2, '2025-05-06 11:00:00', '2025-05-06 12:00:00', 'available', NULL, '2025-04-24 10:11:13', '2025-04-24 10:11:13'),
(677, 2, '2025-05-06 12:00:00', '2025-05-06 13:00:00', 'available', NULL, '2025-04-24 10:11:13', '2025-04-24 10:11:13'),
(678, 2, '2025-05-06 13:00:00', '2025-05-06 14:00:00', 'available', NULL, '2025-04-24 10:11:13', '2025-04-24 10:11:13'),
(679, 2, '2025-05-06 14:00:00', '2025-05-06 15:00:00', 'available', NULL, '2025-04-24 10:11:13', '2025-04-24 10:11:13'),
(680, 2, '2025-05-06 15:00:00', '2025-05-06 16:00:00', 'available', NULL, '2025-04-24 10:11:13', '2025-04-24 10:11:13'),
(681, 2, '2025-05-06 16:00:00', '2025-05-06 17:00:00', 'available', NULL, '2025-04-24 10:11:13', '2025-04-24 10:11:13'),
(682, 2, '2025-05-06 17:00:00', '2025-05-06 18:00:00', 'available', NULL, '2025-04-24 10:11:13', '2025-04-24 10:11:13'),
(683, 2, '2025-05-06 18:00:00', '2025-05-06 19:00:00', 'available', NULL, '2025-04-24 10:11:13', '2025-04-24 10:11:13'),
(684, 2, '2025-05-06 19:00:00', '2025-05-06 20:00:00', 'available', NULL, '2025-04-24 10:11:13', '2025-04-24 10:11:13'),
(685, 2, '2025-05-06 20:00:00', '2025-05-06 21:00:00', 'available', NULL, '2025-04-24 10:11:13', '2025-04-24 10:11:13'),
(686, 2, '2025-05-06 21:00:00', '2025-05-06 22:00:00', 'available', NULL, '2025-04-24 10:11:13', '2025-04-24 10:11:13'),
(687, 2, '2025-05-06 22:00:00', '2025-05-06 23:00:00', 'available', NULL, '2025-04-24 10:11:13', '2025-04-24 10:11:13'),
(688, 2, '2025-05-06 23:00:00', '2025-05-07 00:00:00', 'available', NULL, '2025-04-24 10:11:13', '2025-04-24 10:11:13'),
(689, 2, '2025-05-07 08:00:00', '2025-05-07 09:00:00', 'available', NULL, '2025-04-24 10:11:13', '2025-04-24 10:11:13'),
(690, 2, '2025-05-07 09:00:00', '2025-05-07 10:00:00', 'available', NULL, '2025-04-24 10:11:13', '2025-04-24 10:11:13'),
(691, 2, '2025-05-07 10:00:00', '2025-05-07 11:00:00', 'available', NULL, '2025-04-24 10:11:13', '2025-04-24 10:11:13'),
(692, 2, '2025-05-07 11:00:00', '2025-05-07 12:00:00', 'available', NULL, '2025-04-24 10:11:13', '2025-04-24 10:11:13'),
(693, 2, '2025-05-07 12:00:00', '2025-05-07 13:00:00', 'available', NULL, '2025-04-24 10:11:13', '2025-04-24 10:11:13'),
(694, 2, '2025-05-07 13:00:00', '2025-05-07 14:00:00', 'available', NULL, '2025-04-24 10:11:13', '2025-04-24 10:11:13'),
(695, 2, '2025-05-07 14:00:00', '2025-05-07 15:00:00', 'available', NULL, '2025-04-24 10:11:13', '2025-04-24 10:11:13'),
(696, 2, '2025-05-07 15:00:00', '2025-05-07 16:00:00', 'available', NULL, '2025-04-24 10:11:13', '2025-04-24 10:11:13'),
(697, 2, '2025-05-07 16:00:00', '2025-05-07 17:00:00', 'available', NULL, '2025-04-24 10:11:13', '2025-04-24 10:11:13'),
(698, 2, '2025-05-07 17:00:00', '2025-05-07 18:00:00', 'available', NULL, '2025-04-24 10:11:13', '2025-04-24 10:11:13'),
(699, 2, '2025-05-07 18:00:00', '2025-05-07 19:00:00', 'available', NULL, '2025-04-24 10:11:13', '2025-04-24 10:11:13'),
(700, 2, '2025-05-07 19:00:00', '2025-05-07 20:00:00', 'available', NULL, '2025-04-24 10:11:13', '2025-04-24 10:11:13'),
(701, 2, '2025-05-07 20:00:00', '2025-05-07 21:00:00', 'available', NULL, '2025-04-24 10:11:13', '2025-04-24 10:11:13'),
(702, 2, '2025-05-07 21:00:00', '2025-05-07 22:00:00', 'available', NULL, '2025-04-24 10:11:13', '2025-04-24 10:11:13'),
(703, 2, '2025-05-07 22:00:00', '2025-05-07 23:00:00', 'available', NULL, '2025-04-24 10:11:13', '2025-04-24 10:11:13'),
(704, 2, '2025-05-07 23:00:00', '2025-05-08 00:00:00', 'available', NULL, '2025-04-24 10:11:13', '2025-04-24 10:11:13'),
(705, 2, '2025-05-08 08:00:00', '2025-05-08 09:00:00', 'available', NULL, '2025-04-24 10:11:13', '2025-04-24 10:11:13'),
(706, 2, '2025-05-08 09:00:00', '2025-05-08 10:00:00', 'available', NULL, '2025-04-24 10:11:13', '2025-04-24 10:11:13'),
(707, 2, '2025-05-08 10:00:00', '2025-05-08 11:00:00', 'available', NULL, '2025-04-24 10:11:13', '2025-04-24 10:11:13'),
(708, 2, '2025-05-08 11:00:00', '2025-05-08 12:00:00', 'available', NULL, '2025-04-24 10:11:13', '2025-04-24 10:11:13'),
(709, 2, '2025-05-08 12:00:00', '2025-05-08 13:00:00', 'available', NULL, '2025-04-24 10:11:13', '2025-04-24 10:11:13'),
(710, 2, '2025-05-08 13:00:00', '2025-05-08 14:00:00', 'available', NULL, '2025-04-24 10:11:13', '2025-04-24 10:11:13'),
(711, 2, '2025-05-08 14:00:00', '2025-05-08 15:00:00', 'available', NULL, '2025-04-24 10:11:13', '2025-04-24 10:11:13'),
(712, 2, '2025-05-08 15:00:00', '2025-05-08 16:00:00', 'available', NULL, '2025-04-24 10:11:13', '2025-04-24 10:11:13'),
(713, 2, '2025-05-08 16:00:00', '2025-05-08 17:00:00', 'available', NULL, '2025-04-24 10:11:13', '2025-04-24 10:11:13'),
(714, 2, '2025-05-08 17:00:00', '2025-05-08 18:00:00', 'available', NULL, '2025-04-24 10:11:13', '2025-04-24 10:11:13'),
(715, 2, '2025-05-08 18:00:00', '2025-05-08 19:00:00', 'available', NULL, '2025-04-24 10:11:13', '2025-04-24 10:11:13'),
(716, 2, '2025-05-08 19:00:00', '2025-05-08 20:00:00', 'available', NULL, '2025-04-24 10:11:13', '2025-04-24 10:11:13'),
(717, 2, '2025-05-08 20:00:00', '2025-05-08 21:00:00', 'available', NULL, '2025-04-24 10:11:13', '2025-04-24 10:11:13'),
(718, 2, '2025-05-08 21:00:00', '2025-05-08 22:00:00', 'available', NULL, '2025-04-24 10:11:13', '2025-04-24 10:11:13'),
(719, 2, '2025-05-08 22:00:00', '2025-05-08 23:00:00', 'available', NULL, '2025-04-24 10:11:13', '2025-04-24 10:11:13'),
(720, 2, '2025-05-08 23:00:00', '2025-05-09 00:00:00', 'available', NULL, '2025-04-24 10:11:13', '2025-04-24 10:11:13'),
(721, 2, '2025-05-09 08:00:00', '2025-05-09 09:00:00', 'available', NULL, '2025-04-24 10:11:13', '2025-04-24 10:11:13'),
(722, 2, '2025-05-09 09:00:00', '2025-05-09 10:00:00', 'available', NULL, '2025-04-24 10:11:13', '2025-04-24 10:11:13'),
(723, 2, '2025-05-09 10:00:00', '2025-05-09 11:00:00', 'available', NULL, '2025-04-24 10:11:13', '2025-04-24 10:11:13'),
(724, 2, '2025-05-09 11:00:00', '2025-05-09 12:00:00', 'available', NULL, '2025-04-24 10:11:13', '2025-04-24 10:11:13'),
(725, 2, '2025-05-09 12:00:00', '2025-05-09 13:00:00', 'available', NULL, '2025-04-24 10:11:13', '2025-04-24 10:11:13'),
(726, 2, '2025-05-09 13:00:00', '2025-05-09 14:00:00', 'available', NULL, '2025-04-24 10:11:13', '2025-04-24 10:11:13'),
(727, 2, '2025-05-09 14:00:00', '2025-05-09 15:00:00', 'available', NULL, '2025-04-24 10:11:13', '2025-04-24 10:11:13'),
(728, 2, '2025-05-09 15:00:00', '2025-05-09 16:00:00', 'available', NULL, '2025-04-24 10:11:13', '2025-04-24 10:11:13'),
(729, 2, '2025-05-09 16:00:00', '2025-05-09 17:00:00', 'available', NULL, '2025-04-24 10:11:13', '2025-04-24 10:11:13'),
(730, 2, '2025-05-09 17:00:00', '2025-05-09 18:00:00', 'available', NULL, '2025-04-24 10:11:13', '2025-04-24 10:11:13'),
(731, 2, '2025-05-09 18:00:00', '2025-05-09 19:00:00', 'available', NULL, '2025-04-24 10:11:13', '2025-04-24 10:11:13'),
(732, 2, '2025-05-09 19:00:00', '2025-05-09 20:00:00', 'available', NULL, '2025-04-24 10:11:13', '2025-04-24 10:11:13'),
(733, 2, '2025-05-09 20:00:00', '2025-05-09 21:00:00', 'available', NULL, '2025-04-24 10:11:13', '2025-04-24 10:11:13'),
(734, 2, '2025-05-09 21:00:00', '2025-05-09 22:00:00', 'available', NULL, '2025-04-24 10:11:13', '2025-04-24 10:11:13'),
(735, 2, '2025-05-09 22:00:00', '2025-05-09 23:00:00', 'available', NULL, '2025-04-24 10:11:13', '2025-04-24 10:11:13'),
(736, 2, '2025-05-09 23:00:00', '2025-05-10 00:00:00', 'available', NULL, '2025-04-24 10:11:13', '2025-04-24 10:11:13'),
(737, 2, '2025-05-10 08:00:00', '2025-05-10 09:00:00', 'available', NULL, '2025-04-24 10:11:13', '2025-04-24 10:11:13'),
(738, 2, '2025-05-10 09:00:00', '2025-05-10 10:00:00', 'available', NULL, '2025-04-24 10:11:13', '2025-04-24 10:11:13'),
(739, 2, '2025-05-10 10:00:00', '2025-05-10 11:00:00', 'available', NULL, '2025-04-24 10:11:13', '2025-04-24 10:11:13'),
(740, 2, '2025-05-10 11:00:00', '2025-05-10 12:00:00', 'available', NULL, '2025-04-24 10:11:13', '2025-04-24 10:11:13'),
(741, 2, '2025-05-10 12:00:00', '2025-05-10 13:00:00', 'available', NULL, '2025-04-24 10:11:13', '2025-04-24 10:11:13'),
(742, 2, '2025-05-10 13:00:00', '2025-05-10 14:00:00', 'available', NULL, '2025-04-24 10:11:13', '2025-04-24 10:11:13'),
(743, 2, '2025-05-10 14:00:00', '2025-05-10 15:00:00', 'available', NULL, '2025-04-24 10:11:13', '2025-04-24 10:11:13'),
(744, 2, '2025-05-10 15:00:00', '2025-05-10 16:00:00', 'available', NULL, '2025-04-24 10:11:13', '2025-04-24 10:11:13'),
(745, 2, '2025-05-10 16:00:00', '2025-05-10 17:00:00', 'available', NULL, '2025-04-24 10:11:13', '2025-04-24 10:11:13'),
(746, 2, '2025-05-10 17:00:00', '2025-05-10 18:00:00', 'available', NULL, '2025-04-24 10:11:13', '2025-04-24 10:11:13'),
(747, 2, '2025-05-10 18:00:00', '2025-05-10 19:00:00', 'available', NULL, '2025-04-24 10:11:13', '2025-04-24 10:11:13'),
(748, 2, '2025-05-10 19:00:00', '2025-05-10 20:00:00', 'available', NULL, '2025-04-24 10:11:13', '2025-04-24 10:11:13'),
(749, 2, '2025-05-10 20:00:00', '2025-05-10 21:00:00', 'available', NULL, '2025-04-24 10:11:13', '2025-04-24 10:11:13'),
(750, 2, '2025-05-10 21:00:00', '2025-05-10 22:00:00', 'available', NULL, '2025-04-24 10:11:13', '2025-04-24 10:11:13'),
(751, 2, '2025-05-10 22:00:00', '2025-05-10 23:00:00', 'available', NULL, '2025-04-24 10:11:13', '2025-04-24 10:11:13'),
(752, 2, '2025-05-10 23:00:00', '2025-05-11 00:00:00', 'available', NULL, '2025-04-24 10:11:13', '2025-04-24 10:11:13'),
(753, 2, '2025-05-11 08:00:00', '2025-05-11 09:00:00', 'available', NULL, '2025-04-24 10:11:13', '2025-04-24 10:11:13'),
(754, 2, '2025-05-11 09:00:00', '2025-05-11 10:00:00', 'available', NULL, '2025-04-24 10:11:13', '2025-04-24 10:11:13'),
(755, 2, '2025-05-11 10:00:00', '2025-05-11 11:00:00', 'available', NULL, '2025-04-24 10:11:13', '2025-04-24 10:11:13'),
(756, 2, '2025-05-11 11:00:00', '2025-05-11 12:00:00', 'available', NULL, '2025-04-24 10:11:13', '2025-04-24 10:11:13'),
(757, 2, '2025-05-11 12:00:00', '2025-05-11 13:00:00', 'available', NULL, '2025-04-24 10:11:13', '2025-04-24 10:11:13'),
(758, 2, '2025-05-11 13:00:00', '2025-05-11 14:00:00', 'available', NULL, '2025-04-24 10:11:13', '2025-04-24 10:11:13'),
(759, 2, '2025-05-11 14:00:00', '2025-05-11 15:00:00', 'available', NULL, '2025-04-24 10:11:13', '2025-04-24 10:11:13'),
(760, 2, '2025-05-11 15:00:00', '2025-05-11 16:00:00', 'available', NULL, '2025-04-24 10:11:13', '2025-04-24 10:11:13'),
(761, 2, '2025-05-11 16:00:00', '2025-05-11 17:00:00', 'available', NULL, '2025-04-24 10:11:13', '2025-04-24 10:11:13'),
(762, 2, '2025-05-11 17:00:00', '2025-05-11 18:00:00', 'available', NULL, '2025-04-24 10:11:13', '2025-04-24 10:11:13'),
(763, 2, '2025-05-11 18:00:00', '2025-05-11 19:00:00', 'available', NULL, '2025-04-24 10:11:13', '2025-04-24 10:11:13'),
(764, 2, '2025-05-11 19:00:00', '2025-05-11 20:00:00', 'available', NULL, '2025-04-24 10:11:13', '2025-04-24 10:11:13'),
(765, 2, '2025-05-11 20:00:00', '2025-05-11 21:00:00', 'available', NULL, '2025-04-24 10:11:13', '2025-04-24 10:11:13'),
(766, 2, '2025-05-11 21:00:00', '2025-05-11 22:00:00', 'available', NULL, '2025-04-24 10:11:13', '2025-04-24 10:11:13'),
(767, 2, '2025-05-11 22:00:00', '2025-05-11 23:00:00', 'available', NULL, '2025-04-24 10:11:13', '2025-04-24 10:11:13'),
(768, 2, '2025-05-11 23:00:00', '2025-05-12 00:00:00', 'available', NULL, '2025-04-24 10:11:13', '2025-04-24 10:11:13'),
(769, 2, '2025-05-12 08:00:00', '2025-05-12 09:00:00', 'available', NULL, '2025-04-24 10:11:13', '2025-04-24 10:11:13'),
(770, 2, '2025-05-12 09:00:00', '2025-05-12 10:00:00', 'available', NULL, '2025-04-24 10:11:13', '2025-04-24 10:11:13'),
(771, 2, '2025-05-12 10:00:00', '2025-05-12 11:00:00', 'available', NULL, '2025-04-24 10:11:13', '2025-04-24 10:11:13'),
(772, 2, '2025-05-12 11:00:00', '2025-05-12 12:00:00', 'available', NULL, '2025-04-24 10:11:13', '2025-04-24 10:11:13'),
(773, 2, '2025-05-12 12:00:00', '2025-05-12 13:00:00', 'available', NULL, '2025-04-24 10:11:13', '2025-04-24 10:11:13'),
(774, 2, '2025-05-12 13:00:00', '2025-05-12 14:00:00', 'available', NULL, '2025-04-24 10:11:13', '2025-04-24 10:11:13'),
(775, 2, '2025-05-12 14:00:00', '2025-05-12 15:00:00', 'available', NULL, '2025-04-24 10:11:13', '2025-04-24 10:11:13'),
(776, 2, '2025-05-12 15:00:00', '2025-05-12 16:00:00', 'available', NULL, '2025-04-24 10:11:13', '2025-04-24 10:11:13'),
(777, 2, '2025-05-12 16:00:00', '2025-05-12 17:00:00', 'available', NULL, '2025-04-24 10:11:13', '2025-04-24 10:11:13'),
(778, 2, '2025-05-12 17:00:00', '2025-05-12 18:00:00', 'available', NULL, '2025-04-24 10:11:13', '2025-04-24 10:11:13'),
(779, 2, '2025-05-12 18:00:00', '2025-05-12 19:00:00', 'available', NULL, '2025-04-24 10:11:13', '2025-04-24 10:11:13'),
(780, 2, '2025-05-12 19:00:00', '2025-05-12 20:00:00', 'available', NULL, '2025-04-24 10:11:13', '2025-04-24 10:11:13'),
(781, 2, '2025-05-12 20:00:00', '2025-05-12 21:00:00', 'available', NULL, '2025-04-24 10:11:13', '2025-04-24 10:11:13'),
(782, 2, '2025-05-12 21:00:00', '2025-05-12 22:00:00', 'available', NULL, '2025-04-24 10:11:13', '2025-04-24 10:11:13'),
(783, 2, '2025-05-12 22:00:00', '2025-05-12 23:00:00', 'available', NULL, '2025-04-24 10:11:13', '2025-04-24 10:11:13'),
(784, 2, '2025-05-12 23:00:00', '2025-05-13 00:00:00', 'available', NULL, '2025-04-24 10:11:13', '2025-04-24 10:11:13'),
(785, 2, '2025-05-13 08:00:00', '2025-05-13 09:00:00', 'available', NULL, '2025-04-24 10:11:13', '2025-04-24 10:11:13'),
(786, 2, '2025-05-13 09:00:00', '2025-05-13 10:00:00', 'available', NULL, '2025-04-24 10:11:13', '2025-04-24 10:11:13'),
(787, 2, '2025-05-13 10:00:00', '2025-05-13 11:00:00', 'available', NULL, '2025-04-24 10:11:13', '2025-04-24 10:11:13'),
(788, 2, '2025-05-13 11:00:00', '2025-05-13 12:00:00', 'available', NULL, '2025-04-24 10:11:13', '2025-04-24 10:11:13'),
(789, 2, '2025-05-13 12:00:00', '2025-05-13 13:00:00', 'available', NULL, '2025-04-24 10:11:13', '2025-04-24 10:11:13'),
(790, 2, '2025-05-13 13:00:00', '2025-05-13 14:00:00', 'available', NULL, '2025-04-24 10:11:13', '2025-04-24 10:11:13'),
(791, 2, '2025-05-13 14:00:00', '2025-05-13 15:00:00', 'available', NULL, '2025-04-24 10:11:13', '2025-04-24 10:11:13'),
(792, 2, '2025-05-13 15:00:00', '2025-05-13 16:00:00', 'available', NULL, '2025-04-24 10:11:13', '2025-04-24 10:11:13'),
(793, 2, '2025-05-13 16:00:00', '2025-05-13 17:00:00', 'available', NULL, '2025-04-24 10:11:13', '2025-04-24 10:11:13'),
(794, 2, '2025-05-13 17:00:00', '2025-05-13 18:00:00', 'available', NULL, '2025-04-24 10:11:13', '2025-04-24 10:11:13'),
(795, 2, '2025-05-13 18:00:00', '2025-05-13 19:00:00', 'available', NULL, '2025-04-24 10:11:13', '2025-04-24 10:11:13'),
(796, 2, '2025-05-13 19:00:00', '2025-05-13 20:00:00', 'available', NULL, '2025-04-24 10:11:13', '2025-04-24 10:11:13'),
(797, 2, '2025-05-13 20:00:00', '2025-05-13 21:00:00', 'available', NULL, '2025-04-24 10:11:13', '2025-04-24 10:11:13'),
(798, 2, '2025-05-13 21:00:00', '2025-05-13 22:00:00', 'available', NULL, '2025-04-24 10:11:13', '2025-04-24 10:11:13'),
(799, 2, '2025-05-13 22:00:00', '2025-05-13 23:00:00', 'available', NULL, '2025-04-24 10:11:13', '2025-04-24 10:11:13'),
(800, 2, '2025-05-13 23:00:00', '2025-05-14 00:00:00', 'available', NULL, '2025-04-24 10:11:13', '2025-04-24 10:11:13'),
(801, 2, '2025-05-14 08:00:00', '2025-05-14 09:00:00', 'available', NULL, '2025-04-24 10:11:13', '2025-04-24 10:11:13'),
(802, 2, '2025-05-14 09:00:00', '2025-05-14 10:00:00', 'available', NULL, '2025-04-24 10:11:13', '2025-04-24 10:11:13'),
(803, 2, '2025-05-14 10:00:00', '2025-05-14 11:00:00', 'available', NULL, '2025-04-24 10:11:13', '2025-04-24 10:11:13'),
(804, 2, '2025-05-14 11:00:00', '2025-05-14 12:00:00', 'available', NULL, '2025-04-24 10:11:13', '2025-04-24 10:11:13'),
(805, 2, '2025-05-14 12:00:00', '2025-05-14 13:00:00', 'available', NULL, '2025-04-24 10:11:13', '2025-04-24 10:11:13'),
(806, 2, '2025-05-14 13:00:00', '2025-05-14 14:00:00', 'available', NULL, '2025-04-24 10:11:13', '2025-04-24 10:11:13'),
(807, 2, '2025-05-14 14:00:00', '2025-05-14 15:00:00', 'available', NULL, '2025-04-24 10:11:13', '2025-04-24 10:11:13'),
(808, 2, '2025-05-14 15:00:00', '2025-05-14 16:00:00', 'available', NULL, '2025-04-24 10:11:13', '2025-04-24 10:11:13'),
(809, 2, '2025-05-14 16:00:00', '2025-05-14 17:00:00', 'available', NULL, '2025-04-24 10:11:13', '2025-04-24 10:11:13'),
(810, 2, '2025-05-14 17:00:00', '2025-05-14 18:00:00', 'available', NULL, '2025-04-24 10:11:13', '2025-04-24 10:11:13'),
(811, 2, '2025-05-14 18:00:00', '2025-05-14 19:00:00', 'available', NULL, '2025-04-24 10:11:13', '2025-04-24 10:11:13'),
(812, 2, '2025-05-14 19:00:00', '2025-05-14 20:00:00', 'available', NULL, '2025-04-24 10:11:13', '2025-04-24 10:11:13'),
(813, 2, '2025-05-14 20:00:00', '2025-05-14 21:00:00', 'available', NULL, '2025-04-24 10:11:13', '2025-04-24 10:11:13'),
(814, 2, '2025-05-14 21:00:00', '2025-05-14 22:00:00', 'available', NULL, '2025-04-24 10:11:13', '2025-04-24 10:11:13'),
(815, 2, '2025-05-14 22:00:00', '2025-05-14 23:00:00', 'available', NULL, '2025-04-24 10:11:13', '2025-04-24 10:11:13'),
(816, 2, '2025-05-14 23:00:00', '2025-05-15 00:00:00', 'available', NULL, '2025-04-24 10:11:13', '2025-04-24 10:11:13'),
(817, 2, '2025-05-15 08:00:00', '2025-05-15 09:00:00', 'available', NULL, '2025-04-24 10:11:13', '2025-04-24 10:11:13'),
(818, 2, '2025-05-15 09:00:00', '2025-05-15 10:00:00', 'available', NULL, '2025-04-24 10:11:13', '2025-04-24 10:11:13'),
(819, 2, '2025-05-15 10:00:00', '2025-05-15 11:00:00', 'available', NULL, '2025-04-24 10:11:13', '2025-04-24 10:11:13'),
(820, 2, '2025-05-15 11:00:00', '2025-05-15 12:00:00', 'available', NULL, '2025-04-24 10:11:13', '2025-04-24 10:11:13'),
(821, 2, '2025-05-15 12:00:00', '2025-05-15 13:00:00', 'available', NULL, '2025-04-24 10:11:13', '2025-04-24 10:11:13'),
(822, 2, '2025-05-15 13:00:00', '2025-05-15 14:00:00', 'available', NULL, '2025-04-24 10:11:13', '2025-04-24 10:11:13'),
(823, 2, '2025-05-15 14:00:00', '2025-05-15 15:00:00', 'available', NULL, '2025-04-24 10:11:13', '2025-04-24 10:11:13'),
(824, 2, '2025-05-15 15:00:00', '2025-05-15 16:00:00', 'available', NULL, '2025-04-24 10:11:13', '2025-04-24 10:11:13'),
(825, 2, '2025-05-15 16:00:00', '2025-05-15 17:00:00', 'available', NULL, '2025-04-24 10:11:13', '2025-04-24 10:11:13'),
(826, 2, '2025-05-15 17:00:00', '2025-05-15 18:00:00', 'available', NULL, '2025-04-24 10:11:13', '2025-04-24 10:11:13'),
(827, 2, '2025-05-15 18:00:00', '2025-05-15 19:00:00', 'available', NULL, '2025-04-24 10:11:13', '2025-04-24 10:11:13'),
(828, 2, '2025-05-15 19:00:00', '2025-05-15 20:00:00', 'available', NULL, '2025-04-24 10:11:13', '2025-04-24 10:11:13'),
(829, 2, '2025-05-15 20:00:00', '2025-05-15 21:00:00', 'available', NULL, '2025-04-24 10:11:13', '2025-04-24 10:11:13'),
(830, 2, '2025-05-15 21:00:00', '2025-05-15 22:00:00', 'available', NULL, '2025-04-24 10:11:13', '2025-04-24 10:11:13'),
(831, 2, '2025-05-15 22:00:00', '2025-05-15 23:00:00', 'available', NULL, '2025-04-24 10:11:13', '2025-04-24 10:11:13'),
(832, 2, '2025-05-15 23:00:00', '2025-05-16 00:00:00', 'available', NULL, '2025-04-24 10:11:13', '2025-04-24 10:11:13'),
(833, 2, '2025-05-16 08:00:00', '2025-05-16 09:00:00', 'available', NULL, '2025-04-24 10:11:13', '2025-04-24 10:11:13'),
(834, 2, '2025-05-16 09:00:00', '2025-05-16 10:00:00', 'available', NULL, '2025-04-24 10:11:13', '2025-04-24 10:11:13'),
(835, 2, '2025-05-16 10:00:00', '2025-05-16 11:00:00', 'available', NULL, '2025-04-24 10:11:13', '2025-04-24 10:11:13'),
(836, 2, '2025-05-16 11:00:00', '2025-05-16 12:00:00', 'available', NULL, '2025-04-24 10:11:13', '2025-04-24 10:11:13'),
(837, 2, '2025-05-16 12:00:00', '2025-05-16 13:00:00', 'available', NULL, '2025-04-24 10:11:13', '2025-04-24 10:11:13'),
(838, 2, '2025-05-16 13:00:00', '2025-05-16 14:00:00', 'available', NULL, '2025-04-24 10:11:13', '2025-04-24 10:11:13'),
(839, 2, '2025-05-16 14:00:00', '2025-05-16 15:00:00', 'available', NULL, '2025-04-24 10:11:13', '2025-04-24 10:11:13');
INSERT INTO `schedules` (`id`, `field_id`, `start_time`, `end_time`, `status`, `booked_by_user_id`, `created_at`, `updated_at`) VALUES
(840, 2, '2025-05-16 15:00:00', '2025-05-16 16:00:00', 'available', NULL, '2025-04-24 10:11:13', '2025-04-24 10:11:13'),
(841, 2, '2025-05-16 16:00:00', '2025-05-16 17:00:00', 'available', NULL, '2025-04-24 10:11:13', '2025-04-24 10:11:13'),
(842, 2, '2025-05-16 17:00:00', '2025-05-16 18:00:00', 'available', NULL, '2025-04-24 10:11:13', '2025-04-24 10:11:13'),
(843, 2, '2025-05-16 18:00:00', '2025-05-16 19:00:00', 'available', NULL, '2025-04-24 10:11:13', '2025-04-24 10:11:13'),
(844, 2, '2025-05-16 19:00:00', '2025-05-16 20:00:00', 'available', NULL, '2025-04-24 10:11:13', '2025-04-24 10:11:13'),
(845, 2, '2025-05-16 20:00:00', '2025-05-16 21:00:00', 'available', NULL, '2025-04-24 10:11:13', '2025-04-24 10:11:13'),
(846, 2, '2025-05-16 21:00:00', '2025-05-16 22:00:00', 'available', NULL, '2025-04-24 10:11:13', '2025-04-24 10:11:13'),
(847, 2, '2025-05-16 22:00:00', '2025-05-16 23:00:00', 'available', NULL, '2025-04-24 10:11:13', '2025-04-24 10:11:13'),
(848, 2, '2025-05-16 23:00:00', '2025-05-17 00:00:00', 'available', NULL, '2025-04-24 10:11:13', '2025-04-24 10:11:13'),
(849, 2, '2025-05-17 08:00:00', '2025-05-17 09:00:00', 'available', NULL, '2025-04-24 10:11:13', '2025-04-24 10:11:13'),
(850, 2, '2025-05-17 09:00:00', '2025-05-17 10:00:00', 'available', NULL, '2025-04-24 10:11:13', '2025-04-24 10:11:13'),
(851, 2, '2025-05-17 10:00:00', '2025-05-17 11:00:00', 'available', NULL, '2025-04-24 10:11:13', '2025-04-24 10:11:13'),
(852, 2, '2025-05-17 11:00:00', '2025-05-17 12:00:00', 'available', NULL, '2025-04-24 10:11:13', '2025-04-24 10:11:13'),
(853, 2, '2025-05-17 12:00:00', '2025-05-17 13:00:00', 'available', NULL, '2025-04-24 10:11:13', '2025-04-24 10:11:13'),
(854, 2, '2025-05-17 13:00:00', '2025-05-17 14:00:00', 'available', NULL, '2025-04-24 10:11:13', '2025-04-24 10:11:13'),
(855, 2, '2025-05-17 14:00:00', '2025-05-17 15:00:00', 'available', NULL, '2025-04-24 10:11:13', '2025-04-24 10:11:13'),
(856, 2, '2025-05-17 15:00:00', '2025-05-17 16:00:00', 'available', NULL, '2025-04-24 10:11:13', '2025-04-24 10:11:13'),
(857, 2, '2025-05-17 16:00:00', '2025-05-17 17:00:00', 'available', NULL, '2025-04-24 10:11:13', '2025-04-24 10:11:13'),
(858, 2, '2025-05-17 17:00:00', '2025-05-17 18:00:00', 'available', NULL, '2025-04-24 10:11:13', '2025-04-24 10:11:13'),
(859, 2, '2025-05-17 18:00:00', '2025-05-17 19:00:00', 'available', NULL, '2025-04-24 10:11:13', '2025-04-24 10:11:13'),
(860, 2, '2025-05-17 19:00:00', '2025-05-17 20:00:00', 'available', NULL, '2025-04-24 10:11:13', '2025-04-24 10:11:13'),
(861, 2, '2025-05-17 20:00:00', '2025-05-17 21:00:00', 'available', NULL, '2025-04-24 10:11:13', '2025-04-24 10:11:13'),
(862, 2, '2025-05-17 21:00:00', '2025-05-17 22:00:00', 'available', NULL, '2025-04-24 10:11:13', '2025-04-24 10:11:13'),
(863, 2, '2025-05-17 22:00:00', '2025-05-17 23:00:00', 'available', NULL, '2025-04-24 10:11:13', '2025-04-24 10:11:13'),
(864, 2, '2025-05-17 23:00:00', '2025-05-18 00:00:00', 'available', NULL, '2025-04-24 10:11:13', '2025-04-24 10:11:13'),
(865, 2, '2025-05-18 08:00:00', '2025-05-18 09:00:00', 'available', NULL, '2025-04-24 10:11:13', '2025-04-24 10:11:13'),
(866, 2, '2025-05-18 09:00:00', '2025-05-18 10:00:00', 'available', NULL, '2025-04-24 10:11:13', '2025-04-24 10:11:13'),
(867, 2, '2025-05-18 10:00:00', '2025-05-18 11:00:00', 'available', NULL, '2025-04-24 10:11:13', '2025-04-24 10:11:13'),
(868, 2, '2025-05-18 11:00:00', '2025-05-18 12:00:00', 'available', NULL, '2025-04-24 10:11:13', '2025-04-24 10:11:13'),
(869, 2, '2025-05-18 12:00:00', '2025-05-18 13:00:00', 'available', NULL, '2025-04-24 10:11:13', '2025-04-24 10:11:13'),
(870, 2, '2025-05-18 13:00:00', '2025-05-18 14:00:00', 'available', NULL, '2025-04-24 10:11:13', '2025-04-24 10:11:13'),
(871, 2, '2025-05-18 14:00:00', '2025-05-18 15:00:00', 'available', NULL, '2025-04-24 10:11:13', '2025-04-24 10:11:13'),
(872, 2, '2025-05-18 15:00:00', '2025-05-18 16:00:00', 'available', NULL, '2025-04-24 10:11:13', '2025-04-24 10:11:13'),
(873, 2, '2025-05-18 16:00:00', '2025-05-18 17:00:00', 'available', NULL, '2025-04-24 10:11:13', '2025-04-24 10:11:13'),
(874, 2, '2025-05-18 17:00:00', '2025-05-18 18:00:00', 'available', NULL, '2025-04-24 10:11:13', '2025-04-24 10:11:13'),
(875, 2, '2025-05-18 18:00:00', '2025-05-18 19:00:00', 'available', NULL, '2025-04-24 10:11:13', '2025-04-24 10:11:13'),
(876, 2, '2025-05-18 19:00:00', '2025-05-18 20:00:00', 'available', NULL, '2025-04-24 10:11:13', '2025-04-24 10:11:13'),
(877, 2, '2025-05-18 20:00:00', '2025-05-18 21:00:00', 'available', NULL, '2025-04-24 10:11:13', '2025-04-24 10:11:13'),
(878, 2, '2025-05-18 21:00:00', '2025-05-18 22:00:00', 'available', NULL, '2025-04-24 10:11:13', '2025-04-24 10:11:13'),
(879, 2, '2025-05-18 22:00:00', '2025-05-18 23:00:00', 'available', NULL, '2025-04-24 10:11:13', '2025-04-24 10:11:13'),
(880, 2, '2025-05-18 23:00:00', '2025-05-19 00:00:00', 'available', NULL, '2025-04-24 10:11:13', '2025-04-24 10:11:13'),
(881, 2, '2025-05-19 08:00:00', '2025-05-19 09:00:00', 'available', NULL, '2025-04-24 10:11:13', '2025-04-24 10:11:13'),
(882, 2, '2025-05-19 09:00:00', '2025-05-19 10:00:00', 'available', NULL, '2025-04-24 10:11:13', '2025-04-24 10:11:13'),
(883, 2, '2025-05-19 10:00:00', '2025-05-19 11:00:00', 'available', NULL, '2025-04-24 10:11:13', '2025-04-24 10:11:13'),
(884, 2, '2025-05-19 11:00:00', '2025-05-19 12:00:00', 'available', NULL, '2025-04-24 10:11:13', '2025-04-24 10:11:13'),
(885, 2, '2025-05-19 12:00:00', '2025-05-19 13:00:00', 'available', NULL, '2025-04-24 10:11:13', '2025-04-24 10:11:13'),
(886, 2, '2025-05-19 13:00:00', '2025-05-19 14:00:00', 'available', NULL, '2025-04-24 10:11:13', '2025-04-24 10:11:13'),
(887, 2, '2025-05-19 14:00:00', '2025-05-19 15:00:00', 'available', NULL, '2025-04-24 10:11:13', '2025-04-24 10:11:13'),
(888, 2, '2025-05-19 15:00:00', '2025-05-19 16:00:00', 'available', NULL, '2025-04-24 10:11:13', '2025-04-24 10:11:13'),
(889, 2, '2025-05-19 16:00:00', '2025-05-19 17:00:00', 'available', NULL, '2025-04-24 10:11:13', '2025-04-24 10:11:13'),
(890, 2, '2025-05-19 17:00:00', '2025-05-19 18:00:00', 'available', NULL, '2025-04-24 10:11:13', '2025-04-24 10:11:13'),
(891, 2, '2025-05-19 18:00:00', '2025-05-19 19:00:00', 'available', NULL, '2025-04-24 10:11:13', '2025-04-24 10:11:13'),
(892, 2, '2025-05-19 19:00:00', '2025-05-19 20:00:00', 'available', NULL, '2025-04-24 10:11:13', '2025-04-24 10:11:13'),
(893, 2, '2025-05-19 20:00:00', '2025-05-19 21:00:00', 'available', NULL, '2025-04-24 10:11:13', '2025-04-24 10:11:13'),
(894, 2, '2025-05-19 21:00:00', '2025-05-19 22:00:00', 'available', NULL, '2025-04-24 10:11:13', '2025-04-24 10:11:13'),
(895, 2, '2025-05-19 22:00:00', '2025-05-19 23:00:00', 'available', NULL, '2025-04-24 10:11:13', '2025-04-24 10:11:13'),
(896, 2, '2025-05-19 23:00:00', '2025-05-20 00:00:00', 'available', NULL, '2025-04-24 10:11:13', '2025-04-24 10:11:13'),
(897, 2, '2025-05-20 08:00:00', '2025-05-20 09:00:00', 'available', NULL, '2025-04-24 10:11:13', '2025-04-24 10:11:13'),
(898, 2, '2025-05-20 09:00:00', '2025-05-20 10:00:00', 'available', NULL, '2025-04-24 10:11:13', '2025-04-24 10:11:13'),
(899, 2, '2025-05-20 10:00:00', '2025-05-20 11:00:00', 'available', NULL, '2025-04-24 10:11:13', '2025-04-24 10:11:13'),
(900, 2, '2025-05-20 11:00:00', '2025-05-20 12:00:00', 'available', NULL, '2025-04-24 10:11:13', '2025-04-24 10:11:13'),
(901, 2, '2025-05-20 12:00:00', '2025-05-20 13:00:00', 'available', NULL, '2025-04-24 10:11:13', '2025-04-24 10:11:13'),
(902, 2, '2025-05-20 13:00:00', '2025-05-20 14:00:00', 'available', NULL, '2025-04-24 10:11:13', '2025-04-24 10:11:13'),
(903, 2, '2025-05-20 14:00:00', '2025-05-20 15:00:00', 'available', NULL, '2025-04-24 10:11:13', '2025-04-24 10:11:13'),
(904, 2, '2025-05-20 15:00:00', '2025-05-20 16:00:00', 'available', NULL, '2025-04-24 10:11:13', '2025-04-24 10:11:13'),
(905, 2, '2025-05-20 16:00:00', '2025-05-20 17:00:00', 'available', NULL, '2025-04-24 10:11:13', '2025-04-24 10:11:13'),
(906, 2, '2025-05-20 17:00:00', '2025-05-20 18:00:00', 'available', NULL, '2025-04-24 10:11:13', '2025-04-24 10:11:13'),
(907, 2, '2025-05-20 18:00:00', '2025-05-20 19:00:00', 'available', NULL, '2025-04-24 10:11:13', '2025-04-24 10:11:13'),
(908, 2, '2025-05-20 19:00:00', '2025-05-20 20:00:00', 'available', NULL, '2025-04-24 10:11:13', '2025-04-24 10:11:13'),
(909, 2, '2025-05-20 20:00:00', '2025-05-20 21:00:00', 'available', NULL, '2025-04-24 10:11:13', '2025-04-24 10:11:13'),
(910, 2, '2025-05-20 21:00:00', '2025-05-20 22:00:00', 'available', NULL, '2025-04-24 10:11:13', '2025-04-24 10:11:13'),
(911, 2, '2025-05-20 22:00:00', '2025-05-20 23:00:00', 'available', NULL, '2025-04-24 10:11:13', '2025-04-24 10:11:13'),
(912, 2, '2025-05-20 23:00:00', '2025-05-21 00:00:00', 'available', NULL, '2025-04-24 10:11:13', '2025-04-24 10:11:13'),
(913, 2, '2025-05-21 08:00:00', '2025-05-21 09:00:00', 'available', NULL, '2025-04-24 10:11:13', '2025-04-24 10:11:13'),
(914, 2, '2025-05-21 09:00:00', '2025-05-21 10:00:00', 'available', NULL, '2025-04-24 10:11:13', '2025-04-24 10:11:13'),
(915, 2, '2025-05-21 10:00:00', '2025-05-21 11:00:00', 'available', NULL, '2025-04-24 10:11:13', '2025-04-24 10:11:13'),
(916, 2, '2025-05-21 11:00:00', '2025-05-21 12:00:00', 'available', NULL, '2025-04-24 10:11:13', '2025-04-24 10:11:13'),
(917, 2, '2025-05-21 12:00:00', '2025-05-21 13:00:00', 'available', NULL, '2025-04-24 10:11:13', '2025-04-24 10:11:13'),
(918, 2, '2025-05-21 13:00:00', '2025-05-21 14:00:00', 'available', NULL, '2025-04-24 10:11:13', '2025-04-24 10:11:13'),
(919, 2, '2025-05-21 14:00:00', '2025-05-21 15:00:00', 'available', NULL, '2025-04-24 10:11:13', '2025-04-24 10:11:13'),
(920, 2, '2025-05-21 15:00:00', '2025-05-21 16:00:00', 'available', NULL, '2025-04-24 10:11:13', '2025-04-24 10:11:13'),
(921, 2, '2025-05-21 16:00:00', '2025-05-21 17:00:00', 'available', NULL, '2025-04-24 10:11:13', '2025-04-24 10:11:13'),
(922, 2, '2025-05-21 17:00:00', '2025-05-21 18:00:00', 'available', NULL, '2025-04-24 10:11:13', '2025-04-24 10:11:13'),
(923, 2, '2025-05-21 18:00:00', '2025-05-21 19:00:00', 'available', NULL, '2025-04-24 10:11:13', '2025-04-24 10:11:13'),
(924, 2, '2025-05-21 19:00:00', '2025-05-21 20:00:00', 'available', NULL, '2025-04-24 10:11:13', '2025-04-24 10:11:13'),
(925, 2, '2025-05-21 20:00:00', '2025-05-21 21:00:00', 'available', NULL, '2025-04-24 10:11:13', '2025-04-24 10:11:13'),
(926, 2, '2025-05-21 21:00:00', '2025-05-21 22:00:00', 'available', NULL, '2025-04-24 10:11:13', '2025-04-24 10:11:13'),
(927, 2, '2025-05-21 22:00:00', '2025-05-21 23:00:00', 'available', NULL, '2025-04-24 10:11:13', '2025-04-24 10:11:13'),
(928, 2, '2025-05-21 23:00:00', '2025-05-22 00:00:00', 'available', NULL, '2025-04-24 10:11:13', '2025-04-24 10:11:13'),
(929, 2, '2025-05-22 08:00:00', '2025-05-22 09:00:00', 'available', NULL, '2025-04-24 10:11:13', '2025-04-24 10:11:13'),
(930, 2, '2025-05-22 09:00:00', '2025-05-22 10:00:00', 'available', NULL, '2025-04-24 10:11:13', '2025-04-24 10:11:13'),
(931, 2, '2025-05-22 10:00:00', '2025-05-22 11:00:00', 'available', NULL, '2025-04-24 10:11:13', '2025-04-24 10:11:13'),
(932, 2, '2025-05-22 11:00:00', '2025-05-22 12:00:00', 'available', NULL, '2025-04-24 10:11:13', '2025-04-24 10:11:13'),
(933, 2, '2025-05-22 12:00:00', '2025-05-22 13:00:00', 'available', NULL, '2025-04-24 10:11:13', '2025-04-24 10:11:13'),
(934, 2, '2025-05-22 13:00:00', '2025-05-22 14:00:00', 'available', NULL, '2025-04-24 10:11:13', '2025-04-24 10:11:13'),
(935, 2, '2025-05-22 14:00:00', '2025-05-22 15:00:00', 'available', NULL, '2025-04-24 10:11:13', '2025-04-24 10:11:13'),
(936, 2, '2025-05-22 15:00:00', '2025-05-22 16:00:00', 'available', NULL, '2025-04-24 10:11:13', '2025-04-24 10:11:13'),
(937, 2, '2025-05-22 16:00:00', '2025-05-22 17:00:00', 'available', NULL, '2025-04-24 10:11:13', '2025-04-24 10:11:13'),
(938, 2, '2025-05-22 17:00:00', '2025-05-22 18:00:00', 'available', NULL, '2025-04-24 10:11:13', '2025-04-24 10:11:13'),
(939, 2, '2025-05-22 18:00:00', '2025-05-22 19:00:00', 'available', NULL, '2025-04-24 10:11:13', '2025-04-24 10:11:13'),
(940, 2, '2025-05-22 19:00:00', '2025-05-22 20:00:00', 'available', NULL, '2025-04-24 10:11:13', '2025-04-24 10:11:13'),
(941, 2, '2025-05-22 20:00:00', '2025-05-22 21:00:00', 'available', NULL, '2025-04-24 10:11:13', '2025-04-24 10:11:13'),
(942, 2, '2025-05-22 21:00:00', '2025-05-22 22:00:00', 'available', NULL, '2025-04-24 10:11:13', '2025-04-24 10:11:13'),
(943, 2, '2025-05-22 22:00:00', '2025-05-22 23:00:00', 'available', NULL, '2025-04-24 10:11:13', '2025-04-24 10:11:13'),
(944, 2, '2025-05-22 23:00:00', '2025-05-23 00:00:00', 'available', NULL, '2025-04-24 10:11:13', '2025-04-24 10:11:13'),
(945, 2, '2025-05-23 08:00:00', '2025-05-23 09:00:00', 'available', NULL, '2025-04-24 10:11:13', '2025-04-24 10:11:13'),
(946, 2, '2025-05-23 09:00:00', '2025-05-23 10:00:00', 'available', NULL, '2025-04-24 10:11:13', '2025-04-24 10:11:13'),
(947, 2, '2025-05-23 10:00:00', '2025-05-23 11:00:00', 'available', NULL, '2025-04-24 10:11:13', '2025-04-24 10:11:13'),
(948, 2, '2025-05-23 11:00:00', '2025-05-23 12:00:00', 'available', NULL, '2025-04-24 10:11:13', '2025-04-24 10:11:13'),
(949, 2, '2025-05-23 12:00:00', '2025-05-23 13:00:00', 'available', NULL, '2025-04-24 10:11:13', '2025-04-24 10:11:13'),
(950, 2, '2025-05-23 13:00:00', '2025-05-23 14:00:00', 'available', NULL, '2025-04-24 10:11:13', '2025-04-24 10:11:13'),
(951, 2, '2025-05-23 14:00:00', '2025-05-23 15:00:00', 'available', NULL, '2025-04-24 10:11:13', '2025-04-24 10:11:13'),
(952, 2, '2025-05-23 15:00:00', '2025-05-23 16:00:00', 'available', NULL, '2025-04-24 10:11:13', '2025-04-24 10:11:13'),
(953, 2, '2025-05-23 16:00:00', '2025-05-23 17:00:00', 'available', NULL, '2025-04-24 10:11:13', '2025-04-24 10:11:13'),
(954, 2, '2025-05-23 17:00:00', '2025-05-23 18:00:00', 'available', NULL, '2025-04-24 10:11:13', '2025-04-24 10:11:13'),
(955, 2, '2025-05-23 18:00:00', '2025-05-23 19:00:00', 'available', NULL, '2025-04-24 10:11:13', '2025-04-24 10:11:13'),
(956, 2, '2025-05-23 19:00:00', '2025-05-23 20:00:00', 'available', NULL, '2025-04-24 10:11:13', '2025-04-24 10:11:13'),
(957, 2, '2025-05-23 20:00:00', '2025-05-23 21:00:00', 'available', NULL, '2025-04-24 10:11:13', '2025-04-24 10:11:13'),
(958, 2, '2025-05-23 21:00:00', '2025-05-23 22:00:00', 'available', NULL, '2025-04-24 10:11:13', '2025-04-24 10:11:13'),
(959, 2, '2025-05-23 22:00:00', '2025-05-23 23:00:00', 'available', NULL, '2025-04-24 10:11:13', '2025-04-24 10:11:13'),
(960, 2, '2025-05-23 23:00:00', '2025-05-24 00:00:00', 'available', NULL, '2025-04-24 10:11:13', '2025-04-24 10:11:13');

-- --------------------------------------------------------

--
-- Struktur dari tabel `sessions`
--

CREATE TABLE `sessions` (
  `id` varchar(255) NOT NULL,
  `user_id` bigint(20) UNSIGNED DEFAULT NULL,
  `ip_address` varchar(45) DEFAULT NULL,
  `user_agent` text DEFAULT NULL,
  `payload` longtext NOT NULL,
  `last_activity` int(11) NOT NULL
) ENGINE=InnoDB DEFAULT CHARSET=utf8mb4 COLLATE=utf8mb4_unicode_ci;

--
-- Dumping data untuk tabel `sessions`
--

INSERT INTO `sessions` (`id`, `user_id`, `ip_address`, `user_agent`, `payload`, `last_activity`) VALUES
('m2fYDGTLtnpT6zGpgMb7aOZLzp3DRwZtHYO8zqCx', 1, '127.0.0.1', 'Mozilla/5.0 (Windows NT 10.0; Win64; x64) AppleWebKit/537.36 (KHTML, like Gecko) Chrome/135.0.0.0 Safari/537.36', 'YTo3OntzOjY6Il90b2tlbiI7czo0MDoiSFpaWGYyaU5QaTZvTnIyWkxSZ0hLZEEyOGFSVUZFU3c0V0ljN01rdCI7czo5OiJfcHJldmlvdXMiO2E6MTp7czozOiJ1cmwiO3M6Mjc6Imh0dHA6Ly8xMjcuMC4wLjE6ODAwMC9hZG1pbiI7fXM6NjoiX2ZsYXNoIjthOjI6e3M6Mzoib2xkIjthOjA6e31zOjM6Im5ldyI7YTowOnt9fXM6NTA6ImxvZ2luX3dlYl81OWJhMzZhZGRjMmIyZjk0MDE1ODBmMDE0YzdmNThlYTRlMzA5ODlkIjtpOjE7czoxNzoicGFzc3dvcmRfaGFzaF93ZWIiO3M6NjA6IiQyeSQxMiR3Vk5pTUxSMGhQei5ZdTRiZE5wWDNPOHkxOHBHTXdJN012UE5oa3ZzZmhKaFBPUXZZYUpldSI7czo4OiJmaWxhbWVudCI7YTowOnt9czo2OiJ0YWJsZXMiO2E6MTp7czo0MToiODMzMmFkY2IwZTJlNTVlNmQ5N2Y2MmNjZWUyNWYxMjlfcGVyX3BhZ2UiO3M6MjoiNTAiO319', 1745518870);

-- --------------------------------------------------------

--
-- Struktur dari tabel `users`
--

CREATE TABLE `users` (
  `id` bigint(20) UNSIGNED NOT NULL,
  `name` varchar(255) NOT NULL,
  `email` varchar(255) NOT NULL,
  `role` enum('admin','owner','user','member') NOT NULL DEFAULT 'user',
  `email_verified_at` timestamp NULL DEFAULT NULL,
  `password` varchar(255) NOT NULL,
  `remember_token` varchar(100) DEFAULT NULL,
  `created_at` timestamp NULL DEFAULT NULL,
  `updated_at` timestamp NULL DEFAULT NULL,
  `phone` varchar(255) DEFAULT NULL
) ENGINE=InnoDB DEFAULT CHARSET=utf8mb4 COLLATE=utf8mb4_unicode_ci;

--
-- Dumping data untuk tabel `users`
--

INSERT INTO `users` (`id`, `name`, `email`, `role`, `email_verified_at`, `password`, `remember_token`, `created_at`, `updated_at`, `phone`) VALUES
(1, 'owner', 'owner@sipelem.com', 'owner', NULL, '$2y$12$wVNiMLR0hPz.Yu4bdNpX3O8y18pGMwI7MvPNhkvsfhJhPOQvYaJeu', '4TdU0ADfCwGulqPCPKsAVgy8r1Am8hyWh6c3P3zbGP0zyeILunAAhGiZSyy7', '2025-04-24 08:22:48', '2025-04-24 08:22:48', NULL),
(2, 'admin', 'admin@sipelem.com', 'admin', NULL, '$2y$12$2Wg0lT2ethkR8Gjcv.IUoOHcxqU.5V2Gon1iLvgzUyZFSZ3Vsa6u6', NULL, '2025-04-24 10:15:15', '2025-04-24 10:15:15', '+62895422998949'),
(3, 'member', 'member@example.com', 'member', NULL, '$2y$12$yIe7QvhkMJoLjVkVG2ok0.efNhRBhLpGuey0SoalZ./mo6dkeg/R.', NULL, '2025-04-24 10:15:49', '2025-04-24 10:17:13', '+123456789101'),
(4, 'user', 'user@example.com', 'user', NULL, '$2y$12$pPmwChm.WzaBnjHY70THWOQUmvHrepOXiieugMItktAMqenNWp1AK', NULL, '2025-04-24 10:16:28', '2025-04-24 10:16:28', '+123456789101112'),
(5, 'Ramsy', 'ramsy@sipelem.com', 'member', NULL, '$2y$12$CXEfjDmB3vcDJQwEbN8d7..Hq9vQq6udj6.utcvkNofzZ/qmtehmq', NULL, '2025-04-24 11:18:40', '2025-04-24 11:19:27', '+6289514463751');

-- --------------------------------------------------------

--
-- Struktur dari tabel `user_memberships`
--

CREATE TABLE `user_memberships` (
  `id` bigint(20) UNSIGNED NOT NULL,
  `user_id` bigint(20) UNSIGNED NOT NULL,
  `membership_id` bigint(20) UNSIGNED NOT NULL,
  `field_id` bigint(20) UNSIGNED NOT NULL,
  `booking_time` time NOT NULL,
  `day_of_week` varchar(255) NOT NULL,
  `start_date` date NOT NULL,
  `end_date` date NOT NULL,
  `status` enum('active','expired') NOT NULL DEFAULT 'active',
  `created_at` timestamp NULL DEFAULT NULL,
  `updated_at` timestamp NULL DEFAULT NULL
) ENGINE=InnoDB DEFAULT CHARSET=utf8mb4 COLLATE=utf8mb4_unicode_ci;

--
-- Dumping data untuk tabel `user_memberships`
--

INSERT INTO `user_memberships` (`id`, `user_id`, `membership_id`, `field_id`, `booking_time`, `day_of_week`, `start_date`, `end_date`, `status`, `created_at`, `updated_at`) VALUES
(1, 3, 1, 1, '21:00:00', 'Saturday', '2025-04-24', '2025-05-23', 'active', '2025-04-24 10:17:13', '2025-04-24 10:17:13'),
(2, 5, 2, 1, '19:00:00', 'Sunday', '2025-04-24', '2025-06-22', 'active', '2025-04-24 11:19:27', '2025-04-24 11:19:27');

--
-- Indexes for dumped tables
--

--
-- Indeks untuk tabel `bookings`
--
ALTER TABLE `bookings`
  ADD PRIMARY KEY (`id`),
  ADD KEY `bookings_user_id_foreign` (`user_id`),
  ADD KEY `bookings_field_id_foreign` (`field_id`);

--
-- Indeks untuk tabel `cache`
--
ALTER TABLE `cache`
  ADD PRIMARY KEY (`key`);

--
-- Indeks untuk tabel `cache_locks`
--
ALTER TABLE `cache_locks`
  ADD PRIMARY KEY (`key`);

--
-- Indeks untuk tabel `failed_jobs`
--
ALTER TABLE `failed_jobs`
  ADD PRIMARY KEY (`id`),
  ADD UNIQUE KEY `failed_jobs_uuid_unique` (`uuid`);

--
-- Indeks untuk tabel `fields`
--
ALTER TABLE `fields`
  ADD PRIMARY KEY (`id`);

--
-- Indeks untuk tabel `jobs`
--
ALTER TABLE `jobs`
  ADD PRIMARY KEY (`id`),
  ADD KEY `jobs_queue_index` (`queue`);

--
-- Indeks untuk tabel `job_batches`
--
ALTER TABLE `job_batches`
  ADD PRIMARY KEY (`id`);

--
-- Indeks untuk tabel `memberships`
--
ALTER TABLE `memberships`
  ADD PRIMARY KEY (`id`),
  ADD UNIQUE KEY `memberships_name_unique` (`name`);

--
-- Indeks untuk tabel `migrations`
--
ALTER TABLE `migrations`
  ADD PRIMARY KEY (`id`);

--
-- Indeks untuk tabel `password_reset_tokens`
--
ALTER TABLE `password_reset_tokens`
  ADD PRIMARY KEY (`email`);

--
-- Indeks untuk tabel `schedules`
--
ALTER TABLE `schedules`
  ADD PRIMARY KEY (`id`),
  ADD KEY `schedules_booked_by_user_id_foreign` (`booked_by_user_id`),
  ADD KEY `schedules_field_time_index` (`field_id`,`start_time`),
  ADD KEY `schedules_status_index` (`status`);

--
-- Indeks untuk tabel `sessions`
--
ALTER TABLE `sessions`
  ADD PRIMARY KEY (`id`),
  ADD KEY `sessions_user_id_index` (`user_id`),
  ADD KEY `sessions_last_activity_index` (`last_activity`);

--
-- Indeks untuk tabel `users`
--
ALTER TABLE `users`
  ADD PRIMARY KEY (`id`),
  ADD UNIQUE KEY `users_email_unique` (`email`),
  ADD UNIQUE KEY `users_phone_unique` (`phone`);

--
-- Indeks untuk tabel `user_memberships`
--
ALTER TABLE `user_memberships`
  ADD PRIMARY KEY (`id`),
  ADD KEY `user_memberships_user_id_foreign` (`user_id`),
  ADD KEY `user_memberships_membership_id_foreign` (`membership_id`),
  ADD KEY `user_memberships_field_id_foreign` (`field_id`);

--
-- AUTO_INCREMENT untuk tabel yang dibuang
--

--
-- AUTO_INCREMENT untuk tabel `bookings`
--
ALTER TABLE `bookings`
  MODIFY `id` bigint(20) UNSIGNED NOT NULL AUTO_INCREMENT, AUTO_INCREMENT=14;

--
-- AUTO_INCREMENT untuk tabel `failed_jobs`
--
ALTER TABLE `failed_jobs`
  MODIFY `id` bigint(20) UNSIGNED NOT NULL AUTO_INCREMENT;

--
-- AUTO_INCREMENT untuk tabel `fields`
--
ALTER TABLE `fields`
  MODIFY `id` bigint(20) UNSIGNED NOT NULL AUTO_INCREMENT, AUTO_INCREMENT=3;

--
-- AUTO_INCREMENT untuk tabel `jobs`
--
ALTER TABLE `jobs`
  MODIFY `id` bigint(20) UNSIGNED NOT NULL AUTO_INCREMENT;

--
-- AUTO_INCREMENT untuk tabel `memberships`
--
ALTER TABLE `memberships`
  MODIFY `id` bigint(20) UNSIGNED NOT NULL AUTO_INCREMENT, AUTO_INCREMENT=3;

--
-- AUTO_INCREMENT untuk tabel `migrations`
--
ALTER TABLE `migrations`
  MODIFY `id` int(10) UNSIGNED NOT NULL AUTO_INCREMENT, AUTO_INCREMENT=10;

--
-- AUTO_INCREMENT untuk tabel `schedules`
--
ALTER TABLE `schedules`
  MODIFY `id` bigint(20) UNSIGNED NOT NULL AUTO_INCREMENT, AUTO_INCREMENT=961;

--
-- AUTO_INCREMENT untuk tabel `users`
--
ALTER TABLE `users`
  MODIFY `id` bigint(20) UNSIGNED NOT NULL AUTO_INCREMENT, AUTO_INCREMENT=6;

--
-- AUTO_INCREMENT untuk tabel `user_memberships`
--
ALTER TABLE `user_memberships`
  MODIFY `id` bigint(20) UNSIGNED NOT NULL AUTO_INCREMENT, AUTO_INCREMENT=3;

--
-- Ketidakleluasaan untuk tabel pelimpahan (Dumped Tables)
--

--
-- Ketidakleluasaan untuk tabel `bookings`
--
ALTER TABLE `bookings`
  ADD CONSTRAINT `bookings_field_id_foreign` FOREIGN KEY (`field_id`) REFERENCES `fields` (`id`) ON DELETE CASCADE,
  ADD CONSTRAINT `bookings_user_id_foreign` FOREIGN KEY (`user_id`) REFERENCES `users` (`id`) ON DELETE CASCADE;

--
-- Ketidakleluasaan untuk tabel `schedules`
--
ALTER TABLE `schedules`
  ADD CONSTRAINT `schedules_booked_by_user_id_foreign` FOREIGN KEY (`booked_by_user_id`) REFERENCES `users` (`id`) ON DELETE SET NULL,
  ADD CONSTRAINT `schedules_field_id_foreign` FOREIGN KEY (`field_id`) REFERENCES `fields` (`id`) ON DELETE CASCADE;

--
-- Ketidakleluasaan untuk tabel `user_memberships`
--
ALTER TABLE `user_memberships`
  ADD CONSTRAINT `user_memberships_field_id_foreign` FOREIGN KEY (`field_id`) REFERENCES `fields` (`id`) ON DELETE CASCADE,
  ADD CONSTRAINT `user_memberships_membership_id_foreign` FOREIGN KEY (`membership_id`) REFERENCES `memberships` (`id`) ON DELETE CASCADE,
  ADD CONSTRAINT `user_memberships_user_id_foreign` FOREIGN KEY (`user_id`) REFERENCES `users` (`id`) ON DELETE CASCADE;
COMMIT;

/*!40101 SET CHARACTER_SET_CLIENT=@OLD_CHARACTER_SET_CLIENT */;
/*!40101 SET CHARACTER_SET_RESULTS=@OLD_CHARACTER_SET_RESULTS */;
/*!40101 SET COLLATION_CONNECTION=@OLD_COLLATION_CONNECTION */;
