-- phpMyAdmin SQL Dump
-- version 5.2.1
-- https://www.phpmyadmin.net/
--
-- Host: 127.0.0.1
-- Generation Time: May 12, 2025 at 04:12 PM
-- Server version: 10.4.32-MariaDB
-- PHP Version: 8.2.12

SET SQL_MODE = "NO_AUTO_VALUE_ON_ZERO";
START TRANSACTION;
SET time_zone = "+00:00";


/*!40101 SET @OLD_CHARACTER_SET_CLIENT=@@CHARACTER_SET_CLIENT */;
/*!40101 SET @OLD_CHARACTER_SET_RESULTS=@@CHARACTER_SET_RESULTS */;
/*!40101 SET @OLD_COLLATION_CONNECTION=@@COLLATION_CONNECTION */;
/*!40101 SET NAMES utf8mb4 */;

--
-- Database: `ramsyparker`
--

-- --------------------------------------------------------

--
-- Table structure for table `bookings`
--

CREATE TABLE `bookings` (
  `id` bigint(20) UNSIGNED NOT NULL,
  `user_id` bigint(20) UNSIGNED NOT NULL,
  `field_id` bigint(20) UNSIGNED NOT NULL,
  `booking_date` date NOT NULL,
  `start_time` time NOT NULL,
  `end_time` time NOT NULL,
  `status` enum('pending','confirmed','cancelled','completed') NOT NULL DEFAULT 'pending',
  `price` decimal(10,2) NOT NULL DEFAULT 0.00,
  `created_at` timestamp NULL DEFAULT NULL,
  `updated_at` timestamp NULL DEFAULT NULL,
  `order_id` varchar(255) DEFAULT NULL
) ENGINE=InnoDB DEFAULT CHARSET=utf8mb4 COLLATE=utf8mb4_unicode_ci;

--
-- Dumping data for table `bookings`
--

INSERT INTO `bookings` (`id`, `user_id`, `field_id`, `booking_date`, `start_time`, `end_time`, `status`, `price`, `created_at`, `updated_at`, `order_id`) VALUES
(1, 2, 1, '2025-05-17', '20:00:00', '21:00:00', 'completed', 150000.00, '2025-05-12 07:09:19', '2025-05-12 07:09:29', 'ORDER-6822010fa31de');

-- --------------------------------------------------------

--
-- Table structure for table `cache`
--

CREATE TABLE `cache` (
  `key` varchar(255) NOT NULL,
  `value` mediumtext NOT NULL,
  `expiration` int(11) NOT NULL
) ENGINE=InnoDB DEFAULT CHARSET=utf8mb4 COLLATE=utf8mb4_unicode_ci;

--
-- Dumping data for table `cache`
--

INSERT INTO `cache` (`key`, `value`, `expiration`) VALUES
('356a192b7913b04c54574d18c28d46e6395428ab', 'i:2;', 1747057642),
('356a192b7913b04c54574d18c28d46e6395428ab:timer', 'i:1747057642;', 1747057642),
('livewire-rate-limiter:a17961fa74e9275d529f489537f179c05d50c2f3', 'i:1;', 1747057603),
('livewire-rate-limiter:a17961fa74e9275d529f489537f179c05d50c2f3:timer', 'i:1747057603;', 1747057603);

-- --------------------------------------------------------

--
-- Table structure for table `cache_locks`
--

CREATE TABLE `cache_locks` (
  `key` varchar(255) NOT NULL,
  `owner` varchar(255) NOT NULL,
  `expiration` int(11) NOT NULL
) ENGINE=InnoDB DEFAULT CHARSET=utf8mb4 COLLATE=utf8mb4_unicode_ci;

-- --------------------------------------------------------

--
-- Table structure for table `failed_jobs`
--

CREATE TABLE `failed_jobs` (
  `id` bigint(20) UNSIGNED NOT NULL,
  `uuid` varchar(255) NOT NULL,
  `connection` text NOT NULL,
  `queue` text NOT NULL,
  `payload` longtext NOT NULL,
  `exception` longtext NOT NULL,
  `failed_at` timestamp NOT NULL DEFAULT current_timestamp()
) ENGINE=InnoDB DEFAULT CHARSET=utf8mb4 COLLATE=utf8mb4_unicode_ci;

-- --------------------------------------------------------

--
-- Table structure for table `fields`
--

CREATE TABLE `fields` (
  `id` bigint(20) UNSIGNED NOT NULL,
  `name` varchar(255) NOT NULL COMMENT 'Nama Lapangan',
  `type` enum('Sintetis','Vynil') NOT NULL DEFAULT 'Sintetis' COMMENT 'Tipe Lapangan',
  `price` double NOT NULL DEFAULT 0 COMMENT 'Harga (Rp)',
  `image` varchar(255) DEFAULT NULL COMMENT 'Gambar Lapangan',
  `created_at` timestamp NULL DEFAULT NULL,
  `updated_at` timestamp NULL DEFAULT NULL
) ENGINE=InnoDB DEFAULT CHARSET=utf8mb4 COLLATE=utf8mb4_unicode_ci;

--
-- Dumping data for table `fields`
--

INSERT INTO `fields` (`id`, `name`, `type`, `price`, `image`, `created_at`, `updated_at`) VALUES
(1, 'Lapangan A', 'Sintetis', 150000, 'fields/01JV2BYC3A9TXHAK9NBDFTR95N.jpg', '2025-05-12 06:46:26', '2025-05-12 06:46:26'),
(2, 'Lapangan B', 'Vynil', 140000, 'fields/01JV2BZ7KWV24HFWVS60C44MTC.jpg', '2025-05-12 06:46:54', '2025-05-12 06:46:54');

-- --------------------------------------------------------

--
-- Table structure for table `income_reports`
--

CREATE TABLE `income_reports` (
  `id` bigint(20) UNSIGNED NOT NULL,
  `report_type` varchar(255) NOT NULL,
  `revenue` decimal(15,2) NOT NULL,
  `booking_count` int(11) NOT NULL,
  `active_members` int(11) NOT NULL,
  `created_at` timestamp NULL DEFAULT NULL,
  `updated_at` timestamp NULL DEFAULT NULL
) ENGINE=InnoDB DEFAULT CHARSET=utf8mb4 COLLATE=utf8mb4_unicode_ci;

-- --------------------------------------------------------

--
-- Table structure for table `jobs`
--

CREATE TABLE `jobs` (
  `id` bigint(20) UNSIGNED NOT NULL,
  `queue` varchar(255) NOT NULL,
  `payload` longtext NOT NULL,
  `attempts` tinyint(3) UNSIGNED NOT NULL,
  `reserved_at` int(10) UNSIGNED DEFAULT NULL,
  `available_at` int(10) UNSIGNED NOT NULL,
  `created_at` int(10) UNSIGNED NOT NULL
) ENGINE=InnoDB DEFAULT CHARSET=utf8mb4 COLLATE=utf8mb4_unicode_ci;

-- --------------------------------------------------------

--
-- Table structure for table `job_batches`
--

CREATE TABLE `job_batches` (
  `id` varchar(255) NOT NULL,
  `name` varchar(255) NOT NULL,
  `total_jobs` int(11) NOT NULL,
  `pending_jobs` int(11) NOT NULL,
  `failed_jobs` int(11) NOT NULL,
  `failed_job_ids` longtext NOT NULL,
  `options` mediumtext DEFAULT NULL,
  `cancelled_at` int(11) DEFAULT NULL,
  `created_at` int(11) NOT NULL,
  `finished_at` int(11) DEFAULT NULL
) ENGINE=InnoDB DEFAULT CHARSET=utf8mb4 COLLATE=utf8mb4_unicode_ci;

-- --------------------------------------------------------

--
-- Table structure for table `memberships`
--

CREATE TABLE `memberships` (
  `id` bigint(20) UNSIGNED NOT NULL,
  `name` varchar(255) NOT NULL,
  `price` decimal(10,2) NOT NULL DEFAULT 0.00,
  `duration` int(11) NOT NULL DEFAULT 1 COMMENT 'Duration in days',
  `created_at` timestamp NULL DEFAULT NULL,
  `updated_at` timestamp NULL DEFAULT NULL
) ENGINE=InnoDB DEFAULT CHARSET=utf8mb4 COLLATE=utf8mb4_unicode_ci;

--
-- Dumping data for table `memberships`
--

INSERT INTO `memberships` (`id`, `name`, `price`, `duration`, `created_at`, `updated_at`) VALUES
(1, 'Paket A', 500000.00, 30, '2025-05-12 06:47:34', '2025-05-12 06:47:34'),
(2, 'Paket B', 1000000.00, 60, '2025-05-12 06:47:56', '2025-05-12 06:47:56');

-- --------------------------------------------------------

--
-- Table structure for table `migrations`
--

CREATE TABLE `migrations` (
  `id` int(10) UNSIGNED NOT NULL,
  `migration` varchar(255) NOT NULL,
  `batch` int(11) NOT NULL
) ENGINE=InnoDB DEFAULT CHARSET=utf8mb4 COLLATE=utf8mb4_unicode_ci;

--
-- Dumping data for table `migrations`
--

INSERT INTO `migrations` (`id`, `migration`, `batch`) VALUES
(1, '0001_01_01_000000_create_users_table', 1),
(2, '0001_01_01_000001_create_cache_table', 1),
(3, '0001_01_01_000002_create_jobs_table', 1),
(4, '2025_04_22_075138_create_fields_table', 1),
(5, '2025_04_22_092504_create_schedules_table', 1),
(6, '2025_04_23_232456_create_memberships_table', 1),
(7, '2025_04_24_070040_create_user_memberships_table', 1),
(8, '2025_04_24_125354_create_bookings_table', 1),
(9, '2025_04_24_220601_add_indexes_to_schedules_table', 1),
(10, '2025_05_01_155652_create_payments_table', 1),
(11, '2025_05_10_052958_create_income_reports_table', 1);

-- --------------------------------------------------------

--
-- Table structure for table `password_reset_tokens`
--

CREATE TABLE `password_reset_tokens` (
  `email` varchar(255) NOT NULL,
  `token` varchar(255) NOT NULL,
  `created_at` timestamp NULL DEFAULT NULL
) ENGINE=InnoDB DEFAULT CHARSET=utf8mb4 COLLATE=utf8mb4_unicode_ci;

-- --------------------------------------------------------

--
-- Table structure for table `payments`
--

CREATE TABLE `payments` (
  `id` bigint(20) UNSIGNED NOT NULL,
  `user_id` bigint(20) UNSIGNED NOT NULL,
  `order_id` varchar(255) NOT NULL,
  `amount` decimal(15,2) NOT NULL,
  `status` varchar(255) NOT NULL,
  `payment_method` varchar(255) DEFAULT NULL,
  `payment_token` varchar(255) DEFAULT NULL,
  `created_at` timestamp NULL DEFAULT NULL,
  `updated_at` timestamp NULL DEFAULT NULL
) ENGINE=InnoDB DEFAULT CHARSET=utf8mb4 COLLATE=utf8mb4_unicode_ci;

--
-- Dumping data for table `payments`
--

INSERT INTO `payments` (`id`, `user_id`, `order_id`, `amount`, `status`, `payment_method`, `payment_token`, `created_at`, `updated_at`) VALUES
(1, 2, 'ORDER-6822010fa31de', 150000.00, 'completed', 'midtrans', '13d914de-e55a-4708-8323-d9f9bf2d8974', '2025-05-12 07:09:29', '2025-05-12 07:09:29');

-- --------------------------------------------------------

--
-- Table structure for table `schedules`
--

CREATE TABLE `schedules` (
  `id` bigint(20) UNSIGNED NOT NULL,
  `field_id` bigint(20) UNSIGNED NOT NULL,
  `start_time` datetime NOT NULL,
  `end_time` datetime DEFAULT NULL,
  `status` enum('available','booked','maintenance') NOT NULL DEFAULT 'available',
  `booked_by_user_id` bigint(20) UNSIGNED DEFAULT NULL,
  `created_at` timestamp NULL DEFAULT NULL,
  `updated_at` timestamp NULL DEFAULT NULL
) ENGINE=InnoDB DEFAULT CHARSET=utf8mb4 COLLATE=utf8mb4_unicode_ci;

--
-- Dumping data for table `schedules`
--

INSERT INTO `schedules` (`id`, `field_id`, `start_time`, `end_time`, `status`, `booked_by_user_id`, `created_at`, `updated_at`) VALUES
(1, 1, '2025-05-12 08:00:00', '2025-05-12 08:59:59', 'available', NULL, '2025-05-12 06:48:27', '2025-05-12 06:48:27'),
(2, 1, '2025-05-12 09:00:00', '2025-05-12 09:59:59', 'available', NULL, '2025-05-12 06:48:27', '2025-05-12 06:48:27'),
(3, 1, '2025-05-12 10:00:00', '2025-05-12 10:59:59', 'available', NULL, '2025-05-12 06:48:27', '2025-05-12 06:48:27'),
(4, 1, '2025-05-12 11:00:00', '2025-05-12 11:59:59', 'available', NULL, '2025-05-12 06:48:27', '2025-05-12 06:48:27'),
(5, 1, '2025-05-12 12:00:00', '2025-05-12 12:59:59', 'available', NULL, '2025-05-12 06:48:27', '2025-05-12 06:48:27'),
(6, 1, '2025-05-12 13:00:00', '2025-05-12 13:59:59', 'available', NULL, '2025-05-12 06:48:27', '2025-05-12 06:48:27'),
(7, 1, '2025-05-12 14:00:00', '2025-05-12 14:59:59', 'available', NULL, '2025-05-12 06:48:27', '2025-05-12 06:48:27'),
(8, 1, '2025-05-12 15:00:00', '2025-05-12 15:59:59', 'available', NULL, '2025-05-12 06:48:27', '2025-05-12 06:48:27'),
(9, 1, '2025-05-12 16:00:00', '2025-05-12 16:59:59', 'available', NULL, '2025-05-12 06:48:27', '2025-05-12 06:48:27'),
(10, 1, '2025-05-12 17:00:00', '2025-05-12 17:59:59', 'available', NULL, '2025-05-12 06:48:27', '2025-05-12 06:48:27'),
(11, 1, '2025-05-12 18:00:00', '2025-05-12 18:59:59', 'available', NULL, '2025-05-12 06:48:27', '2025-05-12 06:48:27'),
(12, 1, '2025-05-12 19:00:00', '2025-05-12 19:59:59', 'available', NULL, '2025-05-12 06:48:27', '2025-05-12 06:48:27'),
(13, 1, '2025-05-12 20:00:00', '2025-05-12 20:59:59', 'available', NULL, '2025-05-12 06:48:27', '2025-05-12 06:48:27'),
(14, 1, '2025-05-12 21:00:00', '2025-05-12 21:59:59', 'available', NULL, '2025-05-12 06:48:27', '2025-05-12 06:48:27'),
(15, 1, '2025-05-12 22:00:00', '2025-05-12 22:59:59', 'available', NULL, '2025-05-12 06:48:27', '2025-05-12 06:48:27'),
(16, 1, '2025-05-12 23:00:00', '2025-05-12 23:59:59', 'available', NULL, '2025-05-12 06:48:27', '2025-05-12 06:48:27'),
(17, 1, '2025-05-13 08:00:00', '2025-05-13 08:59:59', 'available', NULL, '2025-05-12 06:48:27', '2025-05-12 06:48:27'),
(18, 1, '2025-05-13 09:00:00', '2025-05-13 09:59:59', 'available', NULL, '2025-05-12 06:48:27', '2025-05-12 06:48:27'),
(19, 1, '2025-05-13 10:00:00', '2025-05-13 10:59:59', 'available', NULL, '2025-05-12 06:48:27', '2025-05-12 06:48:27'),
(20, 1, '2025-05-13 11:00:00', '2025-05-13 11:59:59', 'available', NULL, '2025-05-12 06:48:27', '2025-05-12 06:48:27'),
(21, 1, '2025-05-13 12:00:00', '2025-05-13 12:59:59', 'available', NULL, '2025-05-12 06:48:27', '2025-05-12 06:48:27'),
(22, 1, '2025-05-13 13:00:00', '2025-05-13 13:59:59', 'available', NULL, '2025-05-12 06:48:27', '2025-05-12 06:48:27'),
(23, 1, '2025-05-13 14:00:00', '2025-05-13 14:59:59', 'available', NULL, '2025-05-12 06:48:27', '2025-05-12 06:48:27'),
(24, 1, '2025-05-13 15:00:00', '2025-05-13 15:59:59', 'available', NULL, '2025-05-12 06:48:27', '2025-05-12 06:48:27'),
(25, 1, '2025-05-13 16:00:00', '2025-05-13 16:59:59', 'available', NULL, '2025-05-12 06:48:27', '2025-05-12 06:48:27'),
(26, 1, '2025-05-13 17:00:00', '2025-05-13 17:59:59', 'available', NULL, '2025-05-12 06:48:27', '2025-05-12 06:48:27'),
(27, 1, '2025-05-13 18:00:00', '2025-05-13 18:59:59', 'available', NULL, '2025-05-12 06:48:27', '2025-05-12 06:48:27'),
(28, 1, '2025-05-13 19:00:00', '2025-05-13 19:59:59', 'available', NULL, '2025-05-12 06:48:27', '2025-05-12 06:48:27'),
(29, 1, '2025-05-13 20:00:00', '2025-05-13 20:59:59', 'available', NULL, '2025-05-12 06:48:27', '2025-05-12 06:48:27'),
(30, 1, '2025-05-13 21:00:00', '2025-05-13 21:59:59', 'available', NULL, '2025-05-12 06:48:27', '2025-05-12 06:48:27'),
(31, 1, '2025-05-13 22:00:00', '2025-05-13 22:59:59', 'available', NULL, '2025-05-12 06:48:27', '2025-05-12 06:48:27'),
(32, 1, '2025-05-13 23:00:00', '2025-05-13 23:59:59', 'available', NULL, '2025-05-12 06:48:27', '2025-05-12 06:48:27'),
(33, 1, '2025-05-14 08:00:00', '2025-05-14 08:59:59', 'available', NULL, '2025-05-12 06:48:27', '2025-05-12 06:48:27'),
(34, 1, '2025-05-14 09:00:00', '2025-05-14 09:59:59', 'available', NULL, '2025-05-12 06:48:27', '2025-05-12 06:48:27'),
(35, 1, '2025-05-14 10:00:00', '2025-05-14 10:59:59', 'available', NULL, '2025-05-12 06:48:27', '2025-05-12 06:48:27'),
(36, 1, '2025-05-14 11:00:00', '2025-05-14 11:59:59', 'available', NULL, '2025-05-12 06:48:27', '2025-05-12 06:48:27'),
(37, 1, '2025-05-14 12:00:00', '2025-05-14 12:59:59', 'available', NULL, '2025-05-12 06:48:27', '2025-05-12 06:48:27'),
(38, 1, '2025-05-14 13:00:00', '2025-05-14 13:59:59', 'available', NULL, '2025-05-12 06:48:27', '2025-05-12 06:48:27'),
(39, 1, '2025-05-14 14:00:00', '2025-05-14 14:59:59', 'available', NULL, '2025-05-12 06:48:27', '2025-05-12 06:48:27'),
(40, 1, '2025-05-14 15:00:00', '2025-05-14 15:59:59', 'available', NULL, '2025-05-12 06:48:27', '2025-05-12 06:48:27'),
(41, 1, '2025-05-14 16:00:00', '2025-05-14 16:59:59', 'available', NULL, '2025-05-12 06:48:27', '2025-05-12 06:48:27'),
(42, 1, '2025-05-14 17:00:00', '2025-05-14 17:59:59', 'available', NULL, '2025-05-12 06:48:27', '2025-05-12 06:48:27'),
(43, 1, '2025-05-14 18:00:00', '2025-05-14 18:59:59', 'available', NULL, '2025-05-12 06:48:27', '2025-05-12 06:48:27'),
(44, 1, '2025-05-14 19:00:00', '2025-05-14 19:59:59', 'available', NULL, '2025-05-12 06:48:27', '2025-05-12 06:48:27'),
(45, 1, '2025-05-14 20:00:00', '2025-05-14 20:59:59', 'available', NULL, '2025-05-12 06:48:27', '2025-05-12 06:48:27'),
(46, 1, '2025-05-14 21:00:00', '2025-05-14 21:59:59', 'available', NULL, '2025-05-12 06:48:27', '2025-05-12 06:48:27'),
(47, 1, '2025-05-14 22:00:00', '2025-05-14 22:59:59', 'available', NULL, '2025-05-12 06:48:27', '2025-05-12 06:48:27'),
(48, 1, '2025-05-14 23:00:00', '2025-05-14 23:59:59', 'available', NULL, '2025-05-12 06:48:27', '2025-05-12 06:48:27'),
(49, 1, '2025-05-15 08:00:00', '2025-05-15 08:59:59', 'available', NULL, '2025-05-12 06:48:27', '2025-05-12 06:48:27'),
(50, 1, '2025-05-15 09:00:00', '2025-05-15 09:59:59', 'available', NULL, '2025-05-12 06:48:27', '2025-05-12 06:48:27'),
(51, 1, '2025-05-15 10:00:00', '2025-05-15 10:59:59', 'available', NULL, '2025-05-12 06:48:27', '2025-05-12 06:48:27'),
(52, 1, '2025-05-15 11:00:00', '2025-05-15 11:59:59', 'available', NULL, '2025-05-12 06:48:27', '2025-05-12 06:48:27'),
(53, 1, '2025-05-15 12:00:00', '2025-05-15 12:59:59', 'available', NULL, '2025-05-12 06:48:27', '2025-05-12 06:48:27'),
(54, 1, '2025-05-15 13:00:00', '2025-05-15 13:59:59', 'available', NULL, '2025-05-12 06:48:27', '2025-05-12 06:48:27'),
(55, 1, '2025-05-15 14:00:00', '2025-05-15 14:59:59', 'available', NULL, '2025-05-12 06:48:27', '2025-05-12 06:48:27'),
(56, 1, '2025-05-15 15:00:00', '2025-05-15 15:59:59', 'available', NULL, '2025-05-12 06:48:27', '2025-05-12 06:48:27'),
(57, 1, '2025-05-15 16:00:00', '2025-05-15 16:59:59', 'available', NULL, '2025-05-12 06:48:27', '2025-05-12 06:48:27'),
(58, 1, '2025-05-15 17:00:00', '2025-05-15 17:59:59', 'available', NULL, '2025-05-12 06:48:27', '2025-05-12 06:48:27'),
(59, 1, '2025-05-15 18:00:00', '2025-05-15 18:59:59', 'available', NULL, '2025-05-12 06:48:27', '2025-05-12 06:48:27'),
(60, 1, '2025-05-15 19:00:00', '2025-05-15 19:59:59', 'available', NULL, '2025-05-12 06:48:27', '2025-05-12 06:48:27'),
(61, 1, '2025-05-15 20:00:00', '2025-05-15 20:59:59', 'available', NULL, '2025-05-12 06:48:27', '2025-05-12 06:48:27'),
(62, 1, '2025-05-15 21:00:00', '2025-05-15 21:59:59', 'available', NULL, '2025-05-12 06:48:27', '2025-05-12 06:48:27'),
(63, 1, '2025-05-15 22:00:00', '2025-05-15 22:59:59', 'available', NULL, '2025-05-12 06:48:27', '2025-05-12 06:48:27'),
(64, 1, '2025-05-15 23:00:00', '2025-05-15 23:59:59', 'available', NULL, '2025-05-12 06:48:27', '2025-05-12 06:48:27'),
(65, 1, '2025-05-16 08:00:00', '2025-05-16 08:59:59', 'available', NULL, '2025-05-12 06:48:27', '2025-05-12 06:48:27'),
(66, 1, '2025-05-16 09:00:00', '2025-05-16 09:59:59', 'available', NULL, '2025-05-12 06:48:27', '2025-05-12 06:48:27'),
(67, 1, '2025-05-16 10:00:00', '2025-05-16 10:59:59', 'available', NULL, '2025-05-12 06:48:27', '2025-05-12 06:48:27'),
(68, 1, '2025-05-16 11:00:00', '2025-05-16 11:59:59', 'available', NULL, '2025-05-12 06:48:27', '2025-05-12 06:48:27'),
(69, 1, '2025-05-16 12:00:00', '2025-05-16 12:59:59', 'available', NULL, '2025-05-12 06:48:27', '2025-05-12 06:48:27'),
(70, 1, '2025-05-16 13:00:00', '2025-05-16 13:59:59', 'available', NULL, '2025-05-12 06:48:27', '2025-05-12 06:48:27'),
(71, 1, '2025-05-16 14:00:00', '2025-05-16 14:59:59', 'available', NULL, '2025-05-12 06:48:27', '2025-05-12 06:48:27'),
(72, 1, '2025-05-16 15:00:00', '2025-05-16 15:59:59', 'available', NULL, '2025-05-12 06:48:27', '2025-05-12 06:48:27'),
(73, 1, '2025-05-16 16:00:00', '2025-05-16 16:59:59', 'available', NULL, '2025-05-12 06:48:27', '2025-05-12 06:48:27'),
(74, 1, '2025-05-16 17:00:00', '2025-05-16 17:59:59', 'available', NULL, '2025-05-12 06:48:27', '2025-05-12 06:48:27'),
(75, 1, '2025-05-16 18:00:00', '2025-05-16 18:59:59', 'available', NULL, '2025-05-12 06:48:27', '2025-05-12 06:48:27'),
(76, 1, '2025-05-16 19:00:00', '2025-05-16 19:59:59', 'available', NULL, '2025-05-12 06:48:27', '2025-05-12 06:48:27'),
(77, 1, '2025-05-16 20:00:00', '2025-05-16 20:59:59', 'available', NULL, '2025-05-12 06:48:27', '2025-05-12 06:48:27'),
(78, 1, '2025-05-16 21:00:00', '2025-05-16 21:59:59', 'available', NULL, '2025-05-12 06:48:27', '2025-05-12 06:48:27'),
(79, 1, '2025-05-16 22:00:00', '2025-05-16 22:59:59', 'available', NULL, '2025-05-12 06:48:27', '2025-05-12 06:48:27'),
(80, 1, '2025-05-16 23:00:00', '2025-05-16 23:59:59', 'available', NULL, '2025-05-12 06:48:27', '2025-05-12 06:48:27'),
(81, 1, '2025-05-17 08:00:00', '2025-05-17 08:59:59', 'available', NULL, '2025-05-12 06:48:27', '2025-05-12 06:48:27'),
(82, 1, '2025-05-17 09:00:00', '2025-05-17 09:59:59', 'available', NULL, '2025-05-12 06:48:27', '2025-05-12 06:48:27'),
(83, 1, '2025-05-17 10:00:00', '2025-05-17 10:59:59', 'available', NULL, '2025-05-12 06:48:27', '2025-05-12 06:48:27'),
(84, 1, '2025-05-17 11:00:00', '2025-05-17 11:59:59', 'available', NULL, '2025-05-12 06:48:27', '2025-05-12 06:48:27'),
(85, 1, '2025-05-17 12:00:00', '2025-05-17 12:59:59', 'available', NULL, '2025-05-12 06:48:27', '2025-05-12 06:48:27'),
(86, 1, '2025-05-17 13:00:00', '2025-05-17 13:59:59', 'available', NULL, '2025-05-12 06:48:27', '2025-05-12 06:48:27'),
(87, 1, '2025-05-17 14:00:00', '2025-05-17 14:59:59', 'available', NULL, '2025-05-12 06:48:27', '2025-05-12 06:48:27'),
(88, 1, '2025-05-17 15:00:00', '2025-05-17 15:59:59', 'available', NULL, '2025-05-12 06:48:27', '2025-05-12 06:48:27'),
(89, 1, '2025-05-17 16:00:00', '2025-05-17 16:59:59', 'available', NULL, '2025-05-12 06:48:27', '2025-05-12 06:48:27'),
(90, 1, '2025-05-17 17:00:00', '2025-05-17 17:59:59', 'available', NULL, '2025-05-12 06:48:27', '2025-05-12 06:48:27'),
(91, 1, '2025-05-17 18:00:00', '2025-05-17 18:59:59', 'available', NULL, '2025-05-12 06:48:27', '2025-05-12 06:48:27'),
(92, 1, '2025-05-17 19:00:00', '2025-05-17 19:59:59', 'available', NULL, '2025-05-12 06:48:27', '2025-05-12 06:48:27'),
(93, 1, '2025-05-17 20:00:00', '2025-05-17 20:59:59', 'booked', 2, '2025-05-12 06:48:27', '2025-05-12 07:09:29'),
(94, 1, '2025-05-17 21:00:00', '2025-05-17 21:59:59', 'available', NULL, '2025-05-12 06:48:27', '2025-05-12 06:48:27'),
(95, 1, '2025-05-17 22:00:00', '2025-05-17 22:59:59', 'available', NULL, '2025-05-12 06:48:27', '2025-05-12 06:48:27'),
(96, 1, '2025-05-17 23:00:00', '2025-05-17 23:59:59', 'available', NULL, '2025-05-12 06:48:27', '2025-05-12 06:48:27'),
(97, 1, '2025-05-18 08:00:00', '2025-05-18 08:59:59', 'available', NULL, '2025-05-12 06:48:27', '2025-05-12 06:48:27'),
(98, 1, '2025-05-18 09:00:00', '2025-05-18 09:59:59', 'available', NULL, '2025-05-12 06:48:27', '2025-05-12 06:48:27'),
(99, 1, '2025-05-18 10:00:00', '2025-05-18 10:59:59', 'available', NULL, '2025-05-12 06:48:27', '2025-05-12 06:48:27'),
(100, 1, '2025-05-18 11:00:00', '2025-05-18 11:59:59', 'available', NULL, '2025-05-12 06:48:27', '2025-05-12 06:48:27'),
(101, 1, '2025-05-18 12:00:00', '2025-05-18 12:59:59', 'available', NULL, '2025-05-12 06:48:27', '2025-05-12 06:48:27'),
(102, 1, '2025-05-18 13:00:00', '2025-05-18 13:59:59', 'available', NULL, '2025-05-12 06:48:27', '2025-05-12 06:48:27'),
(103, 1, '2025-05-18 14:00:00', '2025-05-18 14:59:59', 'available', NULL, '2025-05-12 06:48:27', '2025-05-12 06:48:27'),
(104, 1, '2025-05-18 15:00:00', '2025-05-18 15:59:59', 'available', NULL, '2025-05-12 06:48:27', '2025-05-12 06:48:27'),
(105, 1, '2025-05-18 16:00:00', '2025-05-18 16:59:59', 'available', NULL, '2025-05-12 06:48:27', '2025-05-12 06:48:27'),
(106, 1, '2025-05-18 17:00:00', '2025-05-18 17:59:59', 'available', NULL, '2025-05-12 06:48:27', '2025-05-12 06:48:27'),
(107, 1, '2025-05-18 18:00:00', '2025-05-18 18:59:59', 'available', NULL, '2025-05-12 06:48:27', '2025-05-12 06:48:27'),
(108, 1, '2025-05-18 19:00:00', '2025-05-18 19:59:59', 'available', NULL, '2025-05-12 06:48:27', '2025-05-12 06:48:27'),
(109, 1, '2025-05-18 20:00:00', '2025-05-18 20:59:59', 'available', NULL, '2025-05-12 06:48:27', '2025-05-12 06:48:27'),
(110, 1, '2025-05-18 21:00:00', '2025-05-18 21:59:59', 'available', NULL, '2025-05-12 06:48:27', '2025-05-12 06:48:27'),
(111, 1, '2025-05-18 22:00:00', '2025-05-18 22:59:59', 'available', NULL, '2025-05-12 06:48:27', '2025-05-12 06:48:27'),
(112, 1, '2025-05-18 23:00:00', '2025-05-18 23:59:59', 'available', NULL, '2025-05-12 06:48:27', '2025-05-12 06:48:27'),
(113, 1, '2025-05-19 08:00:00', '2025-05-19 08:59:59', 'available', NULL, '2025-05-12 06:48:27', '2025-05-12 06:48:27'),
(114, 1, '2025-05-19 09:00:00', '2025-05-19 09:59:59', 'available', NULL, '2025-05-12 06:48:27', '2025-05-12 06:48:27'),
(115, 1, '2025-05-19 10:00:00', '2025-05-19 10:59:59', 'available', NULL, '2025-05-12 06:48:27', '2025-05-12 06:48:27'),
(116, 1, '2025-05-19 11:00:00', '2025-05-19 11:59:59', 'available', NULL, '2025-05-12 06:48:27', '2025-05-12 06:48:27'),
(117, 1, '2025-05-19 12:00:00', '2025-05-19 12:59:59', 'available', NULL, '2025-05-12 06:48:27', '2025-05-12 06:48:27'),
(118, 1, '2025-05-19 13:00:00', '2025-05-19 13:59:59', 'available', NULL, '2025-05-12 06:48:27', '2025-05-12 06:48:27'),
(119, 1, '2025-05-19 14:00:00', '2025-05-19 14:59:59', 'available', NULL, '2025-05-12 06:48:27', '2025-05-12 06:48:27'),
(120, 1, '2025-05-19 15:00:00', '2025-05-19 15:59:59', 'available', NULL, '2025-05-12 06:48:27', '2025-05-12 06:48:27'),
(121, 1, '2025-05-19 16:00:00', '2025-05-19 16:59:59', 'available', NULL, '2025-05-12 06:48:27', '2025-05-12 06:48:27'),
(122, 1, '2025-05-19 17:00:00', '2025-05-19 17:59:59', 'available', NULL, '2025-05-12 06:48:27', '2025-05-12 06:48:27'),
(123, 1, '2025-05-19 18:00:00', '2025-05-19 18:59:59', 'available', NULL, '2025-05-12 06:48:27', '2025-05-12 06:48:27'),
(124, 1, '2025-05-19 19:00:00', '2025-05-19 19:59:59', 'available', NULL, '2025-05-12 06:48:27', '2025-05-12 06:48:27'),
(125, 1, '2025-05-19 20:00:00', '2025-05-19 20:59:59', 'available', NULL, '2025-05-12 06:48:27', '2025-05-12 06:48:27'),
(126, 1, '2025-05-19 21:00:00', '2025-05-19 21:59:59', 'available', NULL, '2025-05-12 06:48:27', '2025-05-12 06:48:27'),
(127, 1, '2025-05-19 22:00:00', '2025-05-19 22:59:59', 'available', NULL, '2025-05-12 06:48:27', '2025-05-12 06:48:27'),
(128, 1, '2025-05-19 23:00:00', '2025-05-19 23:59:59', 'available', NULL, '2025-05-12 06:48:27', '2025-05-12 06:48:27'),
(129, 1, '2025-05-20 08:00:00', '2025-05-20 08:59:59', 'available', NULL, '2025-05-12 06:48:27', '2025-05-12 06:48:27'),
(130, 1, '2025-05-20 09:00:00', '2025-05-20 09:59:59', 'available', NULL, '2025-05-12 06:48:27', '2025-05-12 06:48:27'),
(131, 1, '2025-05-20 10:00:00', '2025-05-20 10:59:59', 'available', NULL, '2025-05-12 06:48:27', '2025-05-12 06:48:27'),
(132, 1, '2025-05-20 11:00:00', '2025-05-20 11:59:59', 'available', NULL, '2025-05-12 06:48:27', '2025-05-12 06:48:27'),
(133, 1, '2025-05-20 12:00:00', '2025-05-20 12:59:59', 'available', NULL, '2025-05-12 06:48:27', '2025-05-12 06:48:27'),
(134, 1, '2025-05-20 13:00:00', '2025-05-20 13:59:59', 'available', NULL, '2025-05-12 06:48:27', '2025-05-12 06:48:27'),
(135, 1, '2025-05-20 14:00:00', '2025-05-20 14:59:59', 'available', NULL, '2025-05-12 06:48:27', '2025-05-12 06:48:27'),
(136, 1, '2025-05-20 15:00:00', '2025-05-20 15:59:59', 'available', NULL, '2025-05-12 06:48:27', '2025-05-12 06:48:27'),
(137, 1, '2025-05-20 16:00:00', '2025-05-20 16:59:59', 'available', NULL, '2025-05-12 06:48:27', '2025-05-12 06:48:27'),
(138, 1, '2025-05-20 17:00:00', '2025-05-20 17:59:59', 'available', NULL, '2025-05-12 06:48:27', '2025-05-12 06:48:27'),
(139, 1, '2025-05-20 18:00:00', '2025-05-20 18:59:59', 'available', NULL, '2025-05-12 06:48:27', '2025-05-12 06:48:27'),
(140, 1, '2025-05-20 19:00:00', '2025-05-20 19:59:59', 'available', NULL, '2025-05-12 06:48:27', '2025-05-12 06:48:27'),
(141, 1, '2025-05-20 20:00:00', '2025-05-20 20:59:59', 'available', NULL, '2025-05-12 06:48:27', '2025-05-12 06:48:27'),
(142, 1, '2025-05-20 21:00:00', '2025-05-20 21:59:59', 'available', NULL, '2025-05-12 06:48:27', '2025-05-12 06:48:27'),
(143, 1, '2025-05-20 22:00:00', '2025-05-20 22:59:59', 'available', NULL, '2025-05-12 06:48:27', '2025-05-12 06:48:27'),
(144, 1, '2025-05-20 23:00:00', '2025-05-20 23:59:59', 'available', NULL, '2025-05-12 06:48:27', '2025-05-12 06:48:27'),
(145, 1, '2025-05-21 08:00:00', '2025-05-21 08:59:59', 'available', NULL, '2025-05-12 06:48:27', '2025-05-12 06:48:27'),
(146, 1, '2025-05-21 09:00:00', '2025-05-21 09:59:59', 'available', NULL, '2025-05-12 06:48:27', '2025-05-12 06:48:27'),
(147, 1, '2025-05-21 10:00:00', '2025-05-21 10:59:59', 'available', NULL, '2025-05-12 06:48:27', '2025-05-12 06:48:27'),
(148, 1, '2025-05-21 11:00:00', '2025-05-21 11:59:59', 'available', NULL, '2025-05-12 06:48:27', '2025-05-12 06:48:27'),
(149, 1, '2025-05-21 12:00:00', '2025-05-21 12:59:59', 'available', NULL, '2025-05-12 06:48:27', '2025-05-12 06:48:27'),
(150, 1, '2025-05-21 13:00:00', '2025-05-21 13:59:59', 'available', NULL, '2025-05-12 06:48:27', '2025-05-12 06:48:27'),
(151, 1, '2025-05-21 14:00:00', '2025-05-21 14:59:59', 'available', NULL, '2025-05-12 06:48:27', '2025-05-12 06:48:27'),
(152, 1, '2025-05-21 15:00:00', '2025-05-21 15:59:59', 'available', NULL, '2025-05-12 06:48:27', '2025-05-12 06:48:27'),
(153, 1, '2025-05-21 16:00:00', '2025-05-21 16:59:59', 'available', NULL, '2025-05-12 06:48:27', '2025-05-12 06:48:27'),
(154, 1, '2025-05-21 17:00:00', '2025-05-21 17:59:59', 'available', NULL, '2025-05-12 06:48:27', '2025-05-12 06:48:27'),
(155, 1, '2025-05-21 18:00:00', '2025-05-21 18:59:59', 'available', NULL, '2025-05-12 06:48:27', '2025-05-12 06:48:27'),
(156, 1, '2025-05-21 19:00:00', '2025-05-21 19:59:59', 'available', NULL, '2025-05-12 06:48:27', '2025-05-12 06:48:27'),
(157, 1, '2025-05-21 20:00:00', '2025-05-21 20:59:59', 'available', NULL, '2025-05-12 06:48:27', '2025-05-12 06:48:27'),
(158, 1, '2025-05-21 21:00:00', '2025-05-21 21:59:59', 'available', NULL, '2025-05-12 06:48:27', '2025-05-12 06:48:27'),
(159, 1, '2025-05-21 22:00:00', '2025-05-21 22:59:59', 'available', NULL, '2025-05-12 06:48:27', '2025-05-12 06:48:27'),
(160, 1, '2025-05-21 23:00:00', '2025-05-21 23:59:59', 'available', NULL, '2025-05-12 06:48:27', '2025-05-12 06:48:27'),
(161, 1, '2025-05-22 08:00:00', '2025-05-22 08:59:59', 'available', NULL, '2025-05-12 06:48:27', '2025-05-12 06:48:27'),
(162, 1, '2025-05-22 09:00:00', '2025-05-22 09:59:59', 'available', NULL, '2025-05-12 06:48:27', '2025-05-12 06:48:27'),
(163, 1, '2025-05-22 10:00:00', '2025-05-22 10:59:59', 'available', NULL, '2025-05-12 06:48:27', '2025-05-12 06:48:27'),
(164, 1, '2025-05-22 11:00:00', '2025-05-22 11:59:59', 'available', NULL, '2025-05-12 06:48:27', '2025-05-12 06:48:27'),
(165, 1, '2025-05-22 12:00:00', '2025-05-22 12:59:59', 'available', NULL, '2025-05-12 06:48:27', '2025-05-12 06:48:27'),
(166, 1, '2025-05-22 13:00:00', '2025-05-22 13:59:59', 'available', NULL, '2025-05-12 06:48:27', '2025-05-12 06:48:27'),
(167, 1, '2025-05-22 14:00:00', '2025-05-22 14:59:59', 'available', NULL, '2025-05-12 06:48:27', '2025-05-12 06:48:27'),
(168, 1, '2025-05-22 15:00:00', '2025-05-22 15:59:59', 'available', NULL, '2025-05-12 06:48:27', '2025-05-12 06:48:27'),
(169, 1, '2025-05-22 16:00:00', '2025-05-22 16:59:59', 'available', NULL, '2025-05-12 06:48:27', '2025-05-12 06:48:27'),
(170, 1, '2025-05-22 17:00:00', '2025-05-22 17:59:59', 'available', NULL, '2025-05-12 06:48:27', '2025-05-12 06:48:27'),
(171, 1, '2025-05-22 18:00:00', '2025-05-22 18:59:59', 'available', NULL, '2025-05-12 06:48:27', '2025-05-12 06:48:27'),
(172, 1, '2025-05-22 19:00:00', '2025-05-22 19:59:59', 'available', NULL, '2025-05-12 06:48:27', '2025-05-12 06:48:27'),
(173, 1, '2025-05-22 20:00:00', '2025-05-22 20:59:59', 'available', NULL, '2025-05-12 06:48:27', '2025-05-12 06:48:27'),
(174, 1, '2025-05-22 21:00:00', '2025-05-22 21:59:59', 'available', NULL, '2025-05-12 06:48:27', '2025-05-12 06:48:27'),
(175, 1, '2025-05-22 22:00:00', '2025-05-22 22:59:59', 'available', NULL, '2025-05-12 06:48:27', '2025-05-12 06:48:27'),
(176, 1, '2025-05-22 23:00:00', '2025-05-22 23:59:59', 'available', NULL, '2025-05-12 06:48:27', '2025-05-12 06:48:27'),
(177, 1, '2025-05-23 08:00:00', '2025-05-23 08:59:59', 'available', NULL, '2025-05-12 06:48:27', '2025-05-12 06:48:27'),
(178, 1, '2025-05-23 09:00:00', '2025-05-23 09:59:59', 'available', NULL, '2025-05-12 06:48:27', '2025-05-12 06:48:27'),
(179, 1, '2025-05-23 10:00:00', '2025-05-23 10:59:59', 'available', NULL, '2025-05-12 06:48:27', '2025-05-12 06:48:27'),
(180, 1, '2025-05-23 11:00:00', '2025-05-23 11:59:59', 'available', NULL, '2025-05-12 06:48:27', '2025-05-12 06:48:27'),
(181, 1, '2025-05-23 12:00:00', '2025-05-23 12:59:59', 'available', NULL, '2025-05-12 06:48:27', '2025-05-12 06:48:27'),
(182, 1, '2025-05-23 13:00:00', '2025-05-23 13:59:59', 'available', NULL, '2025-05-12 06:48:27', '2025-05-12 06:48:27'),
(183, 1, '2025-05-23 14:00:00', '2025-05-23 14:59:59', 'available', NULL, '2025-05-12 06:48:27', '2025-05-12 06:48:27'),
(184, 1, '2025-05-23 15:00:00', '2025-05-23 15:59:59', 'available', NULL, '2025-05-12 06:48:27', '2025-05-12 06:48:27'),
(185, 1, '2025-05-23 16:00:00', '2025-05-23 16:59:59', 'available', NULL, '2025-05-12 06:48:27', '2025-05-12 06:48:27'),
(186, 1, '2025-05-23 17:00:00', '2025-05-23 17:59:59', 'available', NULL, '2025-05-12 06:48:27', '2025-05-12 06:48:27'),
(187, 1, '2025-05-23 18:00:00', '2025-05-23 18:59:59', 'available', NULL, '2025-05-12 06:48:27', '2025-05-12 06:48:27'),
(188, 1, '2025-05-23 19:00:00', '2025-05-23 19:59:59', 'available', NULL, '2025-05-12 06:48:27', '2025-05-12 06:48:27'),
(189, 1, '2025-05-23 20:00:00', '2025-05-23 20:59:59', 'available', NULL, '2025-05-12 06:48:27', '2025-05-12 06:48:27'),
(190, 1, '2025-05-23 21:00:00', '2025-05-23 21:59:59', 'available', NULL, '2025-05-12 06:48:27', '2025-05-12 06:48:27'),
(191, 1, '2025-05-23 22:00:00', '2025-05-23 22:59:59', 'available', NULL, '2025-05-12 06:48:27', '2025-05-12 06:48:27'),
(192, 1, '2025-05-23 23:00:00', '2025-05-23 23:59:59', 'available', NULL, '2025-05-12 06:48:27', '2025-05-12 06:48:27'),
(193, 1, '2025-05-24 08:00:00', '2025-05-24 08:59:59', 'available', NULL, '2025-05-12 06:48:27', '2025-05-12 06:48:27'),
(194, 1, '2025-05-24 09:00:00', '2025-05-24 09:59:59', 'available', NULL, '2025-05-12 06:48:27', '2025-05-12 06:48:27'),
(195, 1, '2025-05-24 10:00:00', '2025-05-24 10:59:59', 'available', NULL, '2025-05-12 06:48:27', '2025-05-12 06:48:27'),
(196, 1, '2025-05-24 11:00:00', '2025-05-24 11:59:59', 'available', NULL, '2025-05-12 06:48:27', '2025-05-12 06:48:27'),
(197, 1, '2025-05-24 12:00:00', '2025-05-24 12:59:59', 'available', NULL, '2025-05-12 06:48:27', '2025-05-12 06:48:27'),
(198, 1, '2025-05-24 13:00:00', '2025-05-24 13:59:59', 'available', NULL, '2025-05-12 06:48:27', '2025-05-12 06:48:27'),
(199, 1, '2025-05-24 14:00:00', '2025-05-24 14:59:59', 'available', NULL, '2025-05-12 06:48:27', '2025-05-12 06:48:27'),
(200, 1, '2025-05-24 15:00:00', '2025-05-24 15:59:59', 'available', NULL, '2025-05-12 06:48:27', '2025-05-12 06:48:27'),
(201, 1, '2025-05-24 16:00:00', '2025-05-24 16:59:59', 'available', NULL, '2025-05-12 06:48:27', '2025-05-12 06:48:27'),
(202, 1, '2025-05-24 17:00:00', '2025-05-24 17:59:59', 'available', NULL, '2025-05-12 06:48:27', '2025-05-12 06:48:27'),
(203, 1, '2025-05-24 18:00:00', '2025-05-24 18:59:59', 'available', NULL, '2025-05-12 06:48:27', '2025-05-12 06:48:27'),
(204, 1, '2025-05-24 19:00:00', '2025-05-24 19:59:59', 'available', NULL, '2025-05-12 06:48:27', '2025-05-12 06:48:27'),
(205, 1, '2025-05-24 20:00:00', '2025-05-24 20:59:59', 'available', NULL, '2025-05-12 06:48:27', '2025-05-12 06:48:27'),
(206, 1, '2025-05-24 21:00:00', '2025-05-24 21:59:59', 'available', NULL, '2025-05-12 06:48:27', '2025-05-12 06:48:27'),
(207, 1, '2025-05-24 22:00:00', '2025-05-24 22:59:59', 'available', NULL, '2025-05-12 06:48:27', '2025-05-12 06:48:27'),
(208, 1, '2025-05-24 23:00:00', '2025-05-24 23:59:59', 'available', NULL, '2025-05-12 06:48:27', '2025-05-12 06:48:27'),
(209, 1, '2025-05-25 08:00:00', '2025-05-25 08:59:59', 'available', NULL, '2025-05-12 06:48:27', '2025-05-12 06:48:27'),
(210, 1, '2025-05-25 09:00:00', '2025-05-25 09:59:59', 'available', NULL, '2025-05-12 06:48:27', '2025-05-12 06:48:27'),
(211, 1, '2025-05-25 10:00:00', '2025-05-25 10:59:59', 'available', NULL, '2025-05-12 06:48:27', '2025-05-12 06:48:27'),
(212, 1, '2025-05-25 11:00:00', '2025-05-25 11:59:59', 'available', NULL, '2025-05-12 06:48:27', '2025-05-12 06:48:27'),
(213, 1, '2025-05-25 12:00:00', '2025-05-25 12:59:59', 'available', NULL, '2025-05-12 06:48:27', '2025-05-12 06:48:27'),
(214, 1, '2025-05-25 13:00:00', '2025-05-25 13:59:59', 'available', NULL, '2025-05-12 06:48:27', '2025-05-12 06:48:27'),
(215, 1, '2025-05-25 14:00:00', '2025-05-25 14:59:59', 'available', NULL, '2025-05-12 06:48:27', '2025-05-12 06:48:27'),
(216, 1, '2025-05-25 15:00:00', '2025-05-25 15:59:59', 'available', NULL, '2025-05-12 06:48:27', '2025-05-12 06:48:27'),
(217, 1, '2025-05-25 16:00:00', '2025-05-25 16:59:59', 'available', NULL, '2025-05-12 06:48:27', '2025-05-12 06:48:27'),
(218, 1, '2025-05-25 17:00:00', '2025-05-25 17:59:59', 'available', NULL, '2025-05-12 06:48:27', '2025-05-12 06:48:27'),
(219, 1, '2025-05-25 18:00:00', '2025-05-25 18:59:59', 'available', NULL, '2025-05-12 06:48:27', '2025-05-12 06:48:27'),
(220, 1, '2025-05-25 19:00:00', '2025-05-25 19:59:59', 'available', NULL, '2025-05-12 06:48:27', '2025-05-12 06:48:27'),
(221, 1, '2025-05-25 20:00:00', '2025-05-25 20:59:59', 'available', NULL, '2025-05-12 06:48:27', '2025-05-12 06:48:27'),
(222, 1, '2025-05-25 21:00:00', '2025-05-25 21:59:59', 'available', NULL, '2025-05-12 06:48:27', '2025-05-12 06:48:27'),
(223, 1, '2025-05-25 22:00:00', '2025-05-25 22:59:59', 'available', NULL, '2025-05-12 06:48:27', '2025-05-12 06:48:27'),
(224, 1, '2025-05-25 23:00:00', '2025-05-25 23:59:59', 'available', NULL, '2025-05-12 06:48:27', '2025-05-12 06:48:27'),
(225, 1, '2025-05-26 08:00:00', '2025-05-26 08:59:59', 'available', NULL, '2025-05-12 06:48:27', '2025-05-12 06:48:27'),
(226, 1, '2025-05-26 09:00:00', '2025-05-26 09:59:59', 'available', NULL, '2025-05-12 06:48:27', '2025-05-12 06:48:27'),
(227, 1, '2025-05-26 10:00:00', '2025-05-26 10:59:59', 'available', NULL, '2025-05-12 06:48:27', '2025-05-12 06:48:27'),
(228, 1, '2025-05-26 11:00:00', '2025-05-26 11:59:59', 'available', NULL, '2025-05-12 06:48:27', '2025-05-12 06:48:27'),
(229, 1, '2025-05-26 12:00:00', '2025-05-26 12:59:59', 'available', NULL, '2025-05-12 06:48:27', '2025-05-12 06:48:27'),
(230, 1, '2025-05-26 13:00:00', '2025-05-26 13:59:59', 'available', NULL, '2025-05-12 06:48:27', '2025-05-12 06:48:27'),
(231, 1, '2025-05-26 14:00:00', '2025-05-26 14:59:59', 'available', NULL, '2025-05-12 06:48:27', '2025-05-12 06:48:27'),
(232, 1, '2025-05-26 15:00:00', '2025-05-26 15:59:59', 'available', NULL, '2025-05-12 06:48:27', '2025-05-12 06:48:27'),
(233, 1, '2025-05-26 16:00:00', '2025-05-26 16:59:59', 'available', NULL, '2025-05-12 06:48:27', '2025-05-12 06:48:27'),
(234, 1, '2025-05-26 17:00:00', '2025-05-26 17:59:59', 'available', NULL, '2025-05-12 06:48:27', '2025-05-12 06:48:27'),
(235, 1, '2025-05-26 18:00:00', '2025-05-26 18:59:59', 'available', NULL, '2025-05-12 06:48:27', '2025-05-12 06:48:27'),
(236, 1, '2025-05-26 19:00:00', '2025-05-26 19:59:59', 'available', NULL, '2025-05-12 06:48:27', '2025-05-12 06:48:27'),
(237, 1, '2025-05-26 20:00:00', '2025-05-26 20:59:59', 'available', NULL, '2025-05-12 06:48:27', '2025-05-12 06:48:27'),
(238, 1, '2025-05-26 21:00:00', '2025-05-26 21:59:59', 'available', NULL, '2025-05-12 06:48:27', '2025-05-12 06:48:27'),
(239, 1, '2025-05-26 22:00:00', '2025-05-26 22:59:59', 'available', NULL, '2025-05-12 06:48:27', '2025-05-12 06:48:27'),
(240, 1, '2025-05-26 23:00:00', '2025-05-26 23:59:59', 'available', NULL, '2025-05-12 06:48:27', '2025-05-12 06:48:27'),
(241, 1, '2025-05-27 08:00:00', '2025-05-27 08:59:59', 'available', NULL, '2025-05-12 06:48:27', '2025-05-12 06:48:27'),
(242, 1, '2025-05-27 09:00:00', '2025-05-27 09:59:59', 'available', NULL, '2025-05-12 06:48:27', '2025-05-12 06:48:27'),
(243, 1, '2025-05-27 10:00:00', '2025-05-27 10:59:59', 'available', NULL, '2025-05-12 06:48:27', '2025-05-12 06:48:27'),
(244, 1, '2025-05-27 11:00:00', '2025-05-27 11:59:59', 'available', NULL, '2025-05-12 06:48:27', '2025-05-12 06:48:27'),
(245, 1, '2025-05-27 12:00:00', '2025-05-27 12:59:59', 'available', NULL, '2025-05-12 06:48:27', '2025-05-12 06:48:27'),
(246, 1, '2025-05-27 13:00:00', '2025-05-27 13:59:59', 'available', NULL, '2025-05-12 06:48:27', '2025-05-12 06:48:27'),
(247, 1, '2025-05-27 14:00:00', '2025-05-27 14:59:59', 'available', NULL, '2025-05-12 06:48:27', '2025-05-12 06:48:27'),
(248, 1, '2025-05-27 15:00:00', '2025-05-27 15:59:59', 'available', NULL, '2025-05-12 06:48:27', '2025-05-12 06:48:27'),
(249, 1, '2025-05-27 16:00:00', '2025-05-27 16:59:59', 'available', NULL, '2025-05-12 06:48:27', '2025-05-12 06:48:27'),
(250, 1, '2025-05-27 17:00:00', '2025-05-27 17:59:59', 'available', NULL, '2025-05-12 06:48:27', '2025-05-12 06:48:27'),
(251, 1, '2025-05-27 18:00:00', '2025-05-27 18:59:59', 'available', NULL, '2025-05-12 06:48:27', '2025-05-12 06:48:27'),
(252, 1, '2025-05-27 19:00:00', '2025-05-27 19:59:59', 'available', NULL, '2025-05-12 06:48:27', '2025-05-12 06:48:27'),
(253, 1, '2025-05-27 20:00:00', '2025-05-27 20:59:59', 'available', NULL, '2025-05-12 06:48:27', '2025-05-12 06:48:27'),
(254, 1, '2025-05-27 21:00:00', '2025-05-27 21:59:59', 'available', NULL, '2025-05-12 06:48:27', '2025-05-12 06:48:27'),
(255, 1, '2025-05-27 22:00:00', '2025-05-27 22:59:59', 'available', NULL, '2025-05-12 06:48:27', '2025-05-12 06:48:27'),
(256, 1, '2025-05-27 23:00:00', '2025-05-27 23:59:59', 'available', NULL, '2025-05-12 06:48:27', '2025-05-12 06:48:27'),
(257, 1, '2025-05-28 08:00:00', '2025-05-28 08:59:59', 'available', NULL, '2025-05-12 06:48:27', '2025-05-12 06:48:27'),
(258, 1, '2025-05-28 09:00:00', '2025-05-28 09:59:59', 'available', NULL, '2025-05-12 06:48:27', '2025-05-12 06:48:27'),
(259, 1, '2025-05-28 10:00:00', '2025-05-28 10:59:59', 'available', NULL, '2025-05-12 06:48:27', '2025-05-12 06:48:27'),
(260, 1, '2025-05-28 11:00:00', '2025-05-28 11:59:59', 'available', NULL, '2025-05-12 06:48:27', '2025-05-12 06:48:27'),
(261, 1, '2025-05-28 12:00:00', '2025-05-28 12:59:59', 'available', NULL, '2025-05-12 06:48:27', '2025-05-12 06:48:27'),
(262, 1, '2025-05-28 13:00:00', '2025-05-28 13:59:59', 'available', NULL, '2025-05-12 06:48:27', '2025-05-12 06:48:27'),
(263, 1, '2025-05-28 14:00:00', '2025-05-28 14:59:59', 'available', NULL, '2025-05-12 06:48:27', '2025-05-12 06:48:27'),
(264, 1, '2025-05-28 15:00:00', '2025-05-28 15:59:59', 'available', NULL, '2025-05-12 06:48:27', '2025-05-12 06:48:27'),
(265, 1, '2025-05-28 16:00:00', '2025-05-28 16:59:59', 'available', NULL, '2025-05-12 06:48:27', '2025-05-12 06:48:27'),
(266, 1, '2025-05-28 17:00:00', '2025-05-28 17:59:59', 'available', NULL, '2025-05-12 06:48:27', '2025-05-12 06:48:27'),
(267, 1, '2025-05-28 18:00:00', '2025-05-28 18:59:59', 'available', NULL, '2025-05-12 06:48:27', '2025-05-12 06:48:27'),
(268, 1, '2025-05-28 19:00:00', '2025-05-28 19:59:59', 'available', NULL, '2025-05-12 06:48:27', '2025-05-12 06:48:27'),
(269, 1, '2025-05-28 20:00:00', '2025-05-28 20:59:59', 'available', NULL, '2025-05-12 06:48:27', '2025-05-12 06:48:27'),
(270, 1, '2025-05-28 21:00:00', '2025-05-28 21:59:59', 'available', NULL, '2025-05-12 06:48:27', '2025-05-12 06:48:27'),
(271, 1, '2025-05-28 22:00:00', '2025-05-28 22:59:59', 'available', NULL, '2025-05-12 06:48:27', '2025-05-12 06:48:27'),
(272, 1, '2025-05-28 23:00:00', '2025-05-28 23:59:59', 'available', NULL, '2025-05-12 06:48:27', '2025-05-12 06:48:27'),
(273, 1, '2025-05-29 08:00:00', '2025-05-29 08:59:59', 'available', NULL, '2025-05-12 06:48:27', '2025-05-12 06:48:27'),
(274, 1, '2025-05-29 09:00:00', '2025-05-29 09:59:59', 'available', NULL, '2025-05-12 06:48:27', '2025-05-12 06:48:27'),
(275, 1, '2025-05-29 10:00:00', '2025-05-29 10:59:59', 'available', NULL, '2025-05-12 06:48:27', '2025-05-12 06:48:27'),
(276, 1, '2025-05-29 11:00:00', '2025-05-29 11:59:59', 'available', NULL, '2025-05-12 06:48:27', '2025-05-12 06:48:27'),
(277, 1, '2025-05-29 12:00:00', '2025-05-29 12:59:59', 'available', NULL, '2025-05-12 06:48:27', '2025-05-12 06:48:27'),
(278, 1, '2025-05-29 13:00:00', '2025-05-29 13:59:59', 'available', NULL, '2025-05-12 06:48:27', '2025-05-12 06:48:27'),
(279, 1, '2025-05-29 14:00:00', '2025-05-29 14:59:59', 'available', NULL, '2025-05-12 06:48:27', '2025-05-12 06:48:27'),
(280, 1, '2025-05-29 15:00:00', '2025-05-29 15:59:59', 'available', NULL, '2025-05-12 06:48:27', '2025-05-12 06:48:27'),
(281, 1, '2025-05-29 16:00:00', '2025-05-29 16:59:59', 'available', NULL, '2025-05-12 06:48:27', '2025-05-12 06:48:27'),
(282, 1, '2025-05-29 17:00:00', '2025-05-29 17:59:59', 'available', NULL, '2025-05-12 06:48:27', '2025-05-12 06:48:27'),
(283, 1, '2025-05-29 18:00:00', '2025-05-29 18:59:59', 'available', NULL, '2025-05-12 06:48:27', '2025-05-12 06:48:27'),
(284, 1, '2025-05-29 19:00:00', '2025-05-29 19:59:59', 'available', NULL, '2025-05-12 06:48:27', '2025-05-12 06:48:27'),
(285, 1, '2025-05-29 20:00:00', '2025-05-29 20:59:59', 'available', NULL, '2025-05-12 06:48:27', '2025-05-12 06:48:27'),
(286, 1, '2025-05-29 21:00:00', '2025-05-29 21:59:59', 'available', NULL, '2025-05-12 06:48:27', '2025-05-12 06:48:27'),
(287, 1, '2025-05-29 22:00:00', '2025-05-29 22:59:59', 'available', NULL, '2025-05-12 06:48:27', '2025-05-12 06:48:27'),
(288, 1, '2025-05-29 23:00:00', '2025-05-29 23:59:59', 'available', NULL, '2025-05-12 06:48:27', '2025-05-12 06:48:27'),
(289, 1, '2025-05-30 08:00:00', '2025-05-30 08:59:59', 'available', NULL, '2025-05-12 06:48:27', '2025-05-12 06:48:27'),
(290, 1, '2025-05-30 09:00:00', '2025-05-30 09:59:59', 'available', NULL, '2025-05-12 06:48:27', '2025-05-12 06:48:27'),
(291, 1, '2025-05-30 10:00:00', '2025-05-30 10:59:59', 'available', NULL, '2025-05-12 06:48:27', '2025-05-12 06:48:27'),
(292, 1, '2025-05-30 11:00:00', '2025-05-30 11:59:59', 'available', NULL, '2025-05-12 06:48:27', '2025-05-12 06:48:27'),
(293, 1, '2025-05-30 12:00:00', '2025-05-30 12:59:59', 'available', NULL, '2025-05-12 06:48:27', '2025-05-12 06:48:27'),
(294, 1, '2025-05-30 13:00:00', '2025-05-30 13:59:59', 'available', NULL, '2025-05-12 06:48:27', '2025-05-12 06:48:27'),
(295, 1, '2025-05-30 14:00:00', '2025-05-30 14:59:59', 'available', NULL, '2025-05-12 06:48:27', '2025-05-12 06:48:27'),
(296, 1, '2025-05-30 15:00:00', '2025-05-30 15:59:59', 'available', NULL, '2025-05-12 06:48:27', '2025-05-12 06:48:27'),
(297, 1, '2025-05-30 16:00:00', '2025-05-30 16:59:59', 'available', NULL, '2025-05-12 06:48:27', '2025-05-12 06:48:27'),
(298, 1, '2025-05-30 17:00:00', '2025-05-30 17:59:59', 'available', NULL, '2025-05-12 06:48:27', '2025-05-12 06:48:27'),
(299, 1, '2025-05-30 18:00:00', '2025-05-30 18:59:59', 'available', NULL, '2025-05-12 06:48:27', '2025-05-12 06:48:27'),
(300, 1, '2025-05-30 19:00:00', '2025-05-30 19:59:59', 'available', NULL, '2025-05-12 06:48:27', '2025-05-12 06:48:27'),
(301, 1, '2025-05-30 20:00:00', '2025-05-30 20:59:59', 'available', NULL, '2025-05-12 06:48:27', '2025-05-12 06:48:27'),
(302, 1, '2025-05-30 21:00:00', '2025-05-30 21:59:59', 'available', NULL, '2025-05-12 06:48:27', '2025-05-12 06:48:27'),
(303, 1, '2025-05-30 22:00:00', '2025-05-30 22:59:59', 'available', NULL, '2025-05-12 06:48:27', '2025-05-12 06:48:27'),
(304, 1, '2025-05-30 23:00:00', '2025-05-30 23:59:59', 'available', NULL, '2025-05-12 06:48:27', '2025-05-12 06:48:27'),
(305, 1, '2025-05-31 08:00:00', '2025-05-31 08:59:59', 'available', NULL, '2025-05-12 06:48:27', '2025-05-12 06:48:27'),
(306, 1, '2025-05-31 09:00:00', '2025-05-31 09:59:59', 'available', NULL, '2025-05-12 06:48:27', '2025-05-12 06:48:27'),
(307, 1, '2025-05-31 10:00:00', '2025-05-31 10:59:59', 'available', NULL, '2025-05-12 06:48:27', '2025-05-12 06:48:27'),
(308, 1, '2025-05-31 11:00:00', '2025-05-31 11:59:59', 'available', NULL, '2025-05-12 06:48:27', '2025-05-12 06:48:27'),
(309, 1, '2025-05-31 12:00:00', '2025-05-31 12:59:59', 'available', NULL, '2025-05-12 06:48:27', '2025-05-12 06:48:27'),
(310, 1, '2025-05-31 13:00:00', '2025-05-31 13:59:59', 'available', NULL, '2025-05-12 06:48:27', '2025-05-12 06:48:27'),
(311, 1, '2025-05-31 14:00:00', '2025-05-31 14:59:59', 'available', NULL, '2025-05-12 06:48:27', '2025-05-12 06:48:27'),
(312, 1, '2025-05-31 15:00:00', '2025-05-31 15:59:59', 'available', NULL, '2025-05-12 06:48:27', '2025-05-12 06:48:27'),
(313, 1, '2025-05-31 16:00:00', '2025-05-31 16:59:59', 'available', NULL, '2025-05-12 06:48:27', '2025-05-12 06:48:27'),
(314, 1, '2025-05-31 17:00:00', '2025-05-31 17:59:59', 'available', NULL, '2025-05-12 06:48:27', '2025-05-12 06:48:27'),
(315, 1, '2025-05-31 18:00:00', '2025-05-31 18:59:59', 'available', NULL, '2025-05-12 06:48:27', '2025-05-12 06:48:27'),
(316, 1, '2025-05-31 19:00:00', '2025-05-31 19:59:59', 'available', NULL, '2025-05-12 06:48:27', '2025-05-12 06:48:27'),
(317, 1, '2025-05-31 20:00:00', '2025-05-31 20:59:59', 'available', NULL, '2025-05-12 06:48:27', '2025-05-12 06:48:27'),
(318, 1, '2025-05-31 21:00:00', '2025-05-31 21:59:59', 'available', NULL, '2025-05-12 06:48:27', '2025-05-12 06:48:27'),
(319, 1, '2025-05-31 22:00:00', '2025-05-31 22:59:59', 'available', NULL, '2025-05-12 06:48:27', '2025-05-12 06:48:27'),
(320, 1, '2025-05-31 23:00:00', '2025-05-31 23:59:59', 'available', NULL, '2025-05-12 06:48:27', '2025-05-12 06:48:27'),
(321, 1, '2025-06-01 08:00:00', '2025-06-01 08:59:59', 'available', NULL, '2025-05-12 06:48:27', '2025-05-12 06:48:27'),
(322, 1, '2025-06-01 09:00:00', '2025-06-01 09:59:59', 'available', NULL, '2025-05-12 06:48:27', '2025-05-12 06:48:27'),
(323, 1, '2025-06-01 10:00:00', '2025-06-01 10:59:59', 'available', NULL, '2025-05-12 06:48:27', '2025-05-12 06:48:27'),
(324, 1, '2025-06-01 11:00:00', '2025-06-01 11:59:59', 'available', NULL, '2025-05-12 06:48:27', '2025-05-12 06:48:27'),
(325, 1, '2025-06-01 12:00:00', '2025-06-01 12:59:59', 'available', NULL, '2025-05-12 06:48:27', '2025-05-12 06:48:27'),
(326, 1, '2025-06-01 13:00:00', '2025-06-01 13:59:59', 'available', NULL, '2025-05-12 06:48:27', '2025-05-12 06:48:27'),
(327, 1, '2025-06-01 14:00:00', '2025-06-01 14:59:59', 'available', NULL, '2025-05-12 06:48:27', '2025-05-12 06:48:27'),
(328, 1, '2025-06-01 15:00:00', '2025-06-01 15:59:59', 'available', NULL, '2025-05-12 06:48:27', '2025-05-12 06:48:27'),
(329, 1, '2025-06-01 16:00:00', '2025-06-01 16:59:59', 'available', NULL, '2025-05-12 06:48:27', '2025-05-12 06:48:27'),
(330, 1, '2025-06-01 17:00:00', '2025-06-01 17:59:59', 'available', NULL, '2025-05-12 06:48:27', '2025-05-12 06:48:27'),
(331, 1, '2025-06-01 18:00:00', '2025-06-01 18:59:59', 'available', NULL, '2025-05-12 06:48:27', '2025-05-12 06:48:27'),
(332, 1, '2025-06-01 19:00:00', '2025-06-01 19:59:59', 'available', NULL, '2025-05-12 06:48:27', '2025-05-12 06:48:27'),
(333, 1, '2025-06-01 20:00:00', '2025-06-01 20:59:59', 'available', NULL, '2025-05-12 06:48:27', '2025-05-12 06:48:27'),
(334, 1, '2025-06-01 21:00:00', '2025-06-01 21:59:59', 'available', NULL, '2025-05-12 06:48:27', '2025-05-12 06:48:27'),
(335, 1, '2025-06-01 22:00:00', '2025-06-01 22:59:59', 'available', NULL, '2025-05-12 06:48:27', '2025-05-12 06:48:27'),
(336, 1, '2025-06-01 23:00:00', '2025-06-01 23:59:59', 'available', NULL, '2025-05-12 06:48:27', '2025-05-12 06:48:27'),
(337, 1, '2025-06-02 08:00:00', '2025-06-02 08:59:59', 'available', NULL, '2025-05-12 06:48:27', '2025-05-12 06:48:27'),
(338, 1, '2025-06-02 09:00:00', '2025-06-02 09:59:59', 'available', NULL, '2025-05-12 06:48:27', '2025-05-12 06:48:27'),
(339, 1, '2025-06-02 10:00:00', '2025-06-02 10:59:59', 'available', NULL, '2025-05-12 06:48:27', '2025-05-12 06:48:27'),
(340, 1, '2025-06-02 11:00:00', '2025-06-02 11:59:59', 'available', NULL, '2025-05-12 06:48:27', '2025-05-12 06:48:27'),
(341, 1, '2025-06-02 12:00:00', '2025-06-02 12:59:59', 'available', NULL, '2025-05-12 06:48:27', '2025-05-12 06:48:27'),
(342, 1, '2025-06-02 13:00:00', '2025-06-02 13:59:59', 'available', NULL, '2025-05-12 06:48:27', '2025-05-12 06:48:27'),
(343, 1, '2025-06-02 14:00:00', '2025-06-02 14:59:59', 'available', NULL, '2025-05-12 06:48:27', '2025-05-12 06:48:27'),
(344, 1, '2025-06-02 15:00:00', '2025-06-02 15:59:59', 'available', NULL, '2025-05-12 06:48:27', '2025-05-12 06:48:27'),
(345, 1, '2025-06-02 16:00:00', '2025-06-02 16:59:59', 'available', NULL, '2025-05-12 06:48:27', '2025-05-12 06:48:27'),
(346, 1, '2025-06-02 17:00:00', '2025-06-02 17:59:59', 'available', NULL, '2025-05-12 06:48:27', '2025-05-12 06:48:27'),
(347, 1, '2025-06-02 18:00:00', '2025-06-02 18:59:59', 'available', NULL, '2025-05-12 06:48:27', '2025-05-12 06:48:27'),
(348, 1, '2025-06-02 19:00:00', '2025-06-02 19:59:59', 'available', NULL, '2025-05-12 06:48:27', '2025-05-12 06:48:27'),
(349, 1, '2025-06-02 20:00:00', '2025-06-02 20:59:59', 'available', NULL, '2025-05-12 06:48:27', '2025-05-12 06:48:27'),
(350, 1, '2025-06-02 21:00:00', '2025-06-02 21:59:59', 'available', NULL, '2025-05-12 06:48:27', '2025-05-12 06:48:27'),
(351, 1, '2025-06-02 22:00:00', '2025-06-02 22:59:59', 'available', NULL, '2025-05-12 06:48:27', '2025-05-12 06:48:27'),
(352, 1, '2025-06-02 23:00:00', '2025-06-02 23:59:59', 'available', NULL, '2025-05-12 06:48:27', '2025-05-12 06:48:27'),
(353, 1, '2025-06-03 08:00:00', '2025-06-03 08:59:59', 'available', NULL, '2025-05-12 06:48:27', '2025-05-12 06:48:27'),
(354, 1, '2025-06-03 09:00:00', '2025-06-03 09:59:59', 'available', NULL, '2025-05-12 06:48:27', '2025-05-12 06:48:27'),
(355, 1, '2025-06-03 10:00:00', '2025-06-03 10:59:59', 'available', NULL, '2025-05-12 06:48:27', '2025-05-12 06:48:27'),
(356, 1, '2025-06-03 11:00:00', '2025-06-03 11:59:59', 'available', NULL, '2025-05-12 06:48:27', '2025-05-12 06:48:27'),
(357, 1, '2025-06-03 12:00:00', '2025-06-03 12:59:59', 'available', NULL, '2025-05-12 06:48:27', '2025-05-12 06:48:27'),
(358, 1, '2025-06-03 13:00:00', '2025-06-03 13:59:59', 'available', NULL, '2025-05-12 06:48:27', '2025-05-12 06:48:27'),
(359, 1, '2025-06-03 14:00:00', '2025-06-03 14:59:59', 'available', NULL, '2025-05-12 06:48:27', '2025-05-12 06:48:27'),
(360, 1, '2025-06-03 15:00:00', '2025-06-03 15:59:59', 'available', NULL, '2025-05-12 06:48:27', '2025-05-12 06:48:27'),
(361, 1, '2025-06-03 16:00:00', '2025-06-03 16:59:59', 'available', NULL, '2025-05-12 06:48:27', '2025-05-12 06:48:27'),
(362, 1, '2025-06-03 17:00:00', '2025-06-03 17:59:59', 'available', NULL, '2025-05-12 06:48:27', '2025-05-12 06:48:27'),
(363, 1, '2025-06-03 18:00:00', '2025-06-03 18:59:59', 'available', NULL, '2025-05-12 06:48:27', '2025-05-12 06:48:27'),
(364, 1, '2025-06-03 19:00:00', '2025-06-03 19:59:59', 'available', NULL, '2025-05-12 06:48:27', '2025-05-12 06:48:27'),
(365, 1, '2025-06-03 20:00:00', '2025-06-03 20:59:59', 'available', NULL, '2025-05-12 06:48:27', '2025-05-12 06:48:27'),
(366, 1, '2025-06-03 21:00:00', '2025-06-03 21:59:59', 'available', NULL, '2025-05-12 06:48:27', '2025-05-12 06:48:27'),
(367, 1, '2025-06-03 22:00:00', '2025-06-03 22:59:59', 'available', NULL, '2025-05-12 06:48:27', '2025-05-12 06:48:27'),
(368, 1, '2025-06-03 23:00:00', '2025-06-03 23:59:59', 'available', NULL, '2025-05-12 06:48:27', '2025-05-12 06:48:27'),
(369, 1, '2025-06-04 08:00:00', '2025-06-04 08:59:59', 'available', NULL, '2025-05-12 06:48:27', '2025-05-12 06:48:27'),
(370, 1, '2025-06-04 09:00:00', '2025-06-04 09:59:59', 'available', NULL, '2025-05-12 06:48:27', '2025-05-12 06:48:27'),
(371, 1, '2025-06-04 10:00:00', '2025-06-04 10:59:59', 'available', NULL, '2025-05-12 06:48:27', '2025-05-12 06:48:27'),
(372, 1, '2025-06-04 11:00:00', '2025-06-04 11:59:59', 'available', NULL, '2025-05-12 06:48:27', '2025-05-12 06:48:27'),
(373, 1, '2025-06-04 12:00:00', '2025-06-04 12:59:59', 'available', NULL, '2025-05-12 06:48:27', '2025-05-12 06:48:27'),
(374, 1, '2025-06-04 13:00:00', '2025-06-04 13:59:59', 'available', NULL, '2025-05-12 06:48:27', '2025-05-12 06:48:27'),
(375, 1, '2025-06-04 14:00:00', '2025-06-04 14:59:59', 'available', NULL, '2025-05-12 06:48:27', '2025-05-12 06:48:27'),
(376, 1, '2025-06-04 15:00:00', '2025-06-04 15:59:59', 'available', NULL, '2025-05-12 06:48:27', '2025-05-12 06:48:27'),
(377, 1, '2025-06-04 16:00:00', '2025-06-04 16:59:59', 'available', NULL, '2025-05-12 06:48:27', '2025-05-12 06:48:27'),
(378, 1, '2025-06-04 17:00:00', '2025-06-04 17:59:59', 'available', NULL, '2025-05-12 06:48:27', '2025-05-12 06:48:27'),
(379, 1, '2025-06-04 18:00:00', '2025-06-04 18:59:59', 'available', NULL, '2025-05-12 06:48:27', '2025-05-12 06:48:27'),
(380, 1, '2025-06-04 19:00:00', '2025-06-04 19:59:59', 'available', NULL, '2025-05-12 06:48:27', '2025-05-12 06:48:27'),
(381, 1, '2025-06-04 20:00:00', '2025-06-04 20:59:59', 'available', NULL, '2025-05-12 06:48:27', '2025-05-12 06:48:27'),
(382, 1, '2025-06-04 21:00:00', '2025-06-04 21:59:59', 'available', NULL, '2025-05-12 06:48:27', '2025-05-12 06:48:27'),
(383, 1, '2025-06-04 22:00:00', '2025-06-04 22:59:59', 'available', NULL, '2025-05-12 06:48:27', '2025-05-12 06:48:27'),
(384, 1, '2025-06-04 23:00:00', '2025-06-04 23:59:59', 'available', NULL, '2025-05-12 06:48:27', '2025-05-12 06:48:27'),
(385, 1, '2025-06-05 08:00:00', '2025-06-05 08:59:59', 'available', NULL, '2025-05-12 06:48:27', '2025-05-12 06:48:27'),
(386, 1, '2025-06-05 09:00:00', '2025-06-05 09:59:59', 'available', NULL, '2025-05-12 06:48:27', '2025-05-12 06:48:27'),
(387, 1, '2025-06-05 10:00:00', '2025-06-05 10:59:59', 'available', NULL, '2025-05-12 06:48:27', '2025-05-12 06:48:27'),
(388, 1, '2025-06-05 11:00:00', '2025-06-05 11:59:59', 'available', NULL, '2025-05-12 06:48:27', '2025-05-12 06:48:27'),
(389, 1, '2025-06-05 12:00:00', '2025-06-05 12:59:59', 'available', NULL, '2025-05-12 06:48:27', '2025-05-12 06:48:27'),
(390, 1, '2025-06-05 13:00:00', '2025-06-05 13:59:59', 'available', NULL, '2025-05-12 06:48:27', '2025-05-12 06:48:27'),
(391, 1, '2025-06-05 14:00:00', '2025-06-05 14:59:59', 'available', NULL, '2025-05-12 06:48:27', '2025-05-12 06:48:27'),
(392, 1, '2025-06-05 15:00:00', '2025-06-05 15:59:59', 'available', NULL, '2025-05-12 06:48:27', '2025-05-12 06:48:27'),
(393, 1, '2025-06-05 16:00:00', '2025-06-05 16:59:59', 'available', NULL, '2025-05-12 06:48:27', '2025-05-12 06:48:27'),
(394, 1, '2025-06-05 17:00:00', '2025-06-05 17:59:59', 'available', NULL, '2025-05-12 06:48:27', '2025-05-12 06:48:27'),
(395, 1, '2025-06-05 18:00:00', '2025-06-05 18:59:59', 'available', NULL, '2025-05-12 06:48:27', '2025-05-12 06:48:27'),
(396, 1, '2025-06-05 19:00:00', '2025-06-05 19:59:59', 'available', NULL, '2025-05-12 06:48:27', '2025-05-12 06:48:27'),
(397, 1, '2025-06-05 20:00:00', '2025-06-05 20:59:59', 'available', NULL, '2025-05-12 06:48:27', '2025-05-12 06:48:27'),
(398, 1, '2025-06-05 21:00:00', '2025-06-05 21:59:59', 'available', NULL, '2025-05-12 06:48:27', '2025-05-12 06:48:27'),
(399, 1, '2025-06-05 22:00:00', '2025-06-05 22:59:59', 'available', NULL, '2025-05-12 06:48:27', '2025-05-12 06:48:27'),
(400, 1, '2025-06-05 23:00:00', '2025-06-05 23:59:59', 'available', NULL, '2025-05-12 06:48:27', '2025-05-12 06:48:27'),
(401, 1, '2025-06-06 08:00:00', '2025-06-06 08:59:59', 'available', NULL, '2025-05-12 06:48:27', '2025-05-12 06:48:27'),
(402, 1, '2025-06-06 09:00:00', '2025-06-06 09:59:59', 'available', NULL, '2025-05-12 06:48:27', '2025-05-12 06:48:27'),
(403, 1, '2025-06-06 10:00:00', '2025-06-06 10:59:59', 'available', NULL, '2025-05-12 06:48:27', '2025-05-12 06:48:27'),
(404, 1, '2025-06-06 11:00:00', '2025-06-06 11:59:59', 'available', NULL, '2025-05-12 06:48:27', '2025-05-12 06:48:27'),
(405, 1, '2025-06-06 12:00:00', '2025-06-06 12:59:59', 'available', NULL, '2025-05-12 06:48:27', '2025-05-12 06:48:27'),
(406, 1, '2025-06-06 13:00:00', '2025-06-06 13:59:59', 'available', NULL, '2025-05-12 06:48:27', '2025-05-12 06:48:27'),
(407, 1, '2025-06-06 14:00:00', '2025-06-06 14:59:59', 'available', NULL, '2025-05-12 06:48:27', '2025-05-12 06:48:27'),
(408, 1, '2025-06-06 15:00:00', '2025-06-06 15:59:59', 'available', NULL, '2025-05-12 06:48:27', '2025-05-12 06:48:27'),
(409, 1, '2025-06-06 16:00:00', '2025-06-06 16:59:59', 'available', NULL, '2025-05-12 06:48:27', '2025-05-12 06:48:27'),
(410, 1, '2025-06-06 17:00:00', '2025-06-06 17:59:59', 'available', NULL, '2025-05-12 06:48:27', '2025-05-12 06:48:27'),
(411, 1, '2025-06-06 18:00:00', '2025-06-06 18:59:59', 'available', NULL, '2025-05-12 06:48:27', '2025-05-12 06:48:27'),
(412, 1, '2025-06-06 19:00:00', '2025-06-06 19:59:59', 'available', NULL, '2025-05-12 06:48:27', '2025-05-12 06:48:27'),
(413, 1, '2025-06-06 20:00:00', '2025-06-06 20:59:59', 'available', NULL, '2025-05-12 06:48:27', '2025-05-12 06:48:27'),
(414, 1, '2025-06-06 21:00:00', '2025-06-06 21:59:59', 'available', NULL, '2025-05-12 06:48:27', '2025-05-12 06:48:27'),
(415, 1, '2025-06-06 22:00:00', '2025-06-06 22:59:59', 'available', NULL, '2025-05-12 06:48:27', '2025-05-12 06:48:27'),
(416, 1, '2025-06-06 23:00:00', '2025-06-06 23:59:59', 'available', NULL, '2025-05-12 06:48:27', '2025-05-12 06:48:27'),
(417, 1, '2025-06-07 08:00:00', '2025-06-07 08:59:59', 'available', NULL, '2025-05-12 06:48:27', '2025-05-12 06:48:27'),
(418, 1, '2025-06-07 09:00:00', '2025-06-07 09:59:59', 'available', NULL, '2025-05-12 06:48:27', '2025-05-12 06:48:27'),
(419, 1, '2025-06-07 10:00:00', '2025-06-07 10:59:59', 'available', NULL, '2025-05-12 06:48:27', '2025-05-12 06:48:27');
INSERT INTO `schedules` (`id`, `field_id`, `start_time`, `end_time`, `status`, `booked_by_user_id`, `created_at`, `updated_at`) VALUES
(420, 1, '2025-06-07 11:00:00', '2025-06-07 11:59:59', 'available', NULL, '2025-05-12 06:48:27', '2025-05-12 06:48:27'),
(421, 1, '2025-06-07 12:00:00', '2025-06-07 12:59:59', 'available', NULL, '2025-05-12 06:48:27', '2025-05-12 06:48:27'),
(422, 1, '2025-06-07 13:00:00', '2025-06-07 13:59:59', 'available', NULL, '2025-05-12 06:48:27', '2025-05-12 06:48:27'),
(423, 1, '2025-06-07 14:00:00', '2025-06-07 14:59:59', 'available', NULL, '2025-05-12 06:48:27', '2025-05-12 06:48:27'),
(424, 1, '2025-06-07 15:00:00', '2025-06-07 15:59:59', 'available', NULL, '2025-05-12 06:48:27', '2025-05-12 06:48:27'),
(425, 1, '2025-06-07 16:00:00', '2025-06-07 16:59:59', 'available', NULL, '2025-05-12 06:48:27', '2025-05-12 06:48:27'),
(426, 1, '2025-06-07 17:00:00', '2025-06-07 17:59:59', 'available', NULL, '2025-05-12 06:48:27', '2025-05-12 06:48:27'),
(427, 1, '2025-06-07 18:00:00', '2025-06-07 18:59:59', 'available', NULL, '2025-05-12 06:48:27', '2025-05-12 06:48:27'),
(428, 1, '2025-06-07 19:00:00', '2025-06-07 19:59:59', 'available', NULL, '2025-05-12 06:48:27', '2025-05-12 06:48:27'),
(429, 1, '2025-06-07 20:00:00', '2025-06-07 20:59:59', 'available', NULL, '2025-05-12 06:48:27', '2025-05-12 06:48:27'),
(430, 1, '2025-06-07 21:00:00', '2025-06-07 21:59:59', 'available', NULL, '2025-05-12 06:48:27', '2025-05-12 06:48:27'),
(431, 1, '2025-06-07 22:00:00', '2025-06-07 22:59:59', 'available', NULL, '2025-05-12 06:48:27', '2025-05-12 06:48:27'),
(432, 1, '2025-06-07 23:00:00', '2025-06-07 23:59:59', 'available', NULL, '2025-05-12 06:48:27', '2025-05-12 06:48:27'),
(433, 1, '2025-06-08 08:00:00', '2025-06-08 08:59:59', 'available', NULL, '2025-05-12 06:48:27', '2025-05-12 06:48:27'),
(434, 1, '2025-06-08 09:00:00', '2025-06-08 09:59:59', 'available', NULL, '2025-05-12 06:48:27', '2025-05-12 06:48:27'),
(435, 1, '2025-06-08 10:00:00', '2025-06-08 10:59:59', 'available', NULL, '2025-05-12 06:48:27', '2025-05-12 06:48:27'),
(436, 1, '2025-06-08 11:00:00', '2025-06-08 11:59:59', 'available', NULL, '2025-05-12 06:48:27', '2025-05-12 06:48:27'),
(437, 1, '2025-06-08 12:00:00', '2025-06-08 12:59:59', 'available', NULL, '2025-05-12 06:48:27', '2025-05-12 06:48:27'),
(438, 1, '2025-06-08 13:00:00', '2025-06-08 13:59:59', 'available', NULL, '2025-05-12 06:48:27', '2025-05-12 06:48:27'),
(439, 1, '2025-06-08 14:00:00', '2025-06-08 14:59:59', 'available', NULL, '2025-05-12 06:48:27', '2025-05-12 06:48:27'),
(440, 1, '2025-06-08 15:00:00', '2025-06-08 15:59:59', 'available', NULL, '2025-05-12 06:48:27', '2025-05-12 06:48:27'),
(441, 1, '2025-06-08 16:00:00', '2025-06-08 16:59:59', 'available', NULL, '2025-05-12 06:48:27', '2025-05-12 06:48:27'),
(442, 1, '2025-06-08 17:00:00', '2025-06-08 17:59:59', 'available', NULL, '2025-05-12 06:48:27', '2025-05-12 06:48:27'),
(443, 1, '2025-06-08 18:00:00', '2025-06-08 18:59:59', 'available', NULL, '2025-05-12 06:48:27', '2025-05-12 06:48:27'),
(444, 1, '2025-06-08 19:00:00', '2025-06-08 19:59:59', 'available', NULL, '2025-05-12 06:48:27', '2025-05-12 06:48:27'),
(445, 1, '2025-06-08 20:00:00', '2025-06-08 20:59:59', 'available', NULL, '2025-05-12 06:48:27', '2025-05-12 06:48:27'),
(446, 1, '2025-06-08 21:00:00', '2025-06-08 21:59:59', 'available', NULL, '2025-05-12 06:48:27', '2025-05-12 06:48:27'),
(447, 1, '2025-06-08 22:00:00', '2025-06-08 22:59:59', 'available', NULL, '2025-05-12 06:48:27', '2025-05-12 06:48:27'),
(448, 1, '2025-06-08 23:00:00', '2025-06-08 23:59:59', 'available', NULL, '2025-05-12 06:48:27', '2025-05-12 06:48:27'),
(449, 1, '2025-06-09 08:00:00', '2025-06-09 08:59:59', 'available', NULL, '2025-05-12 06:48:27', '2025-05-12 06:48:27'),
(450, 1, '2025-06-09 09:00:00', '2025-06-09 09:59:59', 'available', NULL, '2025-05-12 06:48:27', '2025-05-12 06:48:27'),
(451, 1, '2025-06-09 10:00:00', '2025-06-09 10:59:59', 'available', NULL, '2025-05-12 06:48:27', '2025-05-12 06:48:27'),
(452, 1, '2025-06-09 11:00:00', '2025-06-09 11:59:59', 'available', NULL, '2025-05-12 06:48:27', '2025-05-12 06:48:27'),
(453, 1, '2025-06-09 12:00:00', '2025-06-09 12:59:59', 'available', NULL, '2025-05-12 06:48:27', '2025-05-12 06:48:27'),
(454, 1, '2025-06-09 13:00:00', '2025-06-09 13:59:59', 'available', NULL, '2025-05-12 06:48:27', '2025-05-12 06:48:27'),
(455, 1, '2025-06-09 14:00:00', '2025-06-09 14:59:59', 'available', NULL, '2025-05-12 06:48:27', '2025-05-12 06:48:27'),
(456, 1, '2025-06-09 15:00:00', '2025-06-09 15:59:59', 'available', NULL, '2025-05-12 06:48:27', '2025-05-12 06:48:27'),
(457, 1, '2025-06-09 16:00:00', '2025-06-09 16:59:59', 'available', NULL, '2025-05-12 06:48:27', '2025-05-12 06:48:27'),
(458, 1, '2025-06-09 17:00:00', '2025-06-09 17:59:59', 'available', NULL, '2025-05-12 06:48:27', '2025-05-12 06:48:27'),
(459, 1, '2025-06-09 18:00:00', '2025-06-09 18:59:59', 'available', NULL, '2025-05-12 06:48:27', '2025-05-12 06:48:27'),
(460, 1, '2025-06-09 19:00:00', '2025-06-09 19:59:59', 'available', NULL, '2025-05-12 06:48:27', '2025-05-12 06:48:27'),
(461, 1, '2025-06-09 20:00:00', '2025-06-09 20:59:59', 'available', NULL, '2025-05-12 06:48:27', '2025-05-12 06:48:27'),
(462, 1, '2025-06-09 21:00:00', '2025-06-09 21:59:59', 'available', NULL, '2025-05-12 06:48:27', '2025-05-12 06:48:27'),
(463, 1, '2025-06-09 22:00:00', '2025-06-09 22:59:59', 'available', NULL, '2025-05-12 06:48:27', '2025-05-12 06:48:27'),
(464, 1, '2025-06-09 23:00:00', '2025-06-09 23:59:59', 'available', NULL, '2025-05-12 06:48:27', '2025-05-12 06:48:27'),
(465, 1, '2025-06-10 08:00:00', '2025-06-10 08:59:59', 'available', NULL, '2025-05-12 06:48:27', '2025-05-12 06:48:27'),
(466, 1, '2025-06-10 09:00:00', '2025-06-10 09:59:59', 'available', NULL, '2025-05-12 06:48:27', '2025-05-12 06:48:27'),
(467, 1, '2025-06-10 10:00:00', '2025-06-10 10:59:59', 'available', NULL, '2025-05-12 06:48:27', '2025-05-12 06:48:27'),
(468, 1, '2025-06-10 11:00:00', '2025-06-10 11:59:59', 'available', NULL, '2025-05-12 06:48:27', '2025-05-12 06:48:27'),
(469, 1, '2025-06-10 12:00:00', '2025-06-10 12:59:59', 'available', NULL, '2025-05-12 06:48:27', '2025-05-12 06:48:27'),
(470, 1, '2025-06-10 13:00:00', '2025-06-10 13:59:59', 'available', NULL, '2025-05-12 06:48:27', '2025-05-12 06:48:27'),
(471, 1, '2025-06-10 14:00:00', '2025-06-10 14:59:59', 'available', NULL, '2025-05-12 06:48:27', '2025-05-12 06:48:27'),
(472, 1, '2025-06-10 15:00:00', '2025-06-10 15:59:59', 'available', NULL, '2025-05-12 06:48:27', '2025-05-12 06:48:27'),
(473, 1, '2025-06-10 16:00:00', '2025-06-10 16:59:59', 'available', NULL, '2025-05-12 06:48:27', '2025-05-12 06:48:27'),
(474, 1, '2025-06-10 17:00:00', '2025-06-10 17:59:59', 'available', NULL, '2025-05-12 06:48:27', '2025-05-12 06:48:27'),
(475, 1, '2025-06-10 18:00:00', '2025-06-10 18:59:59', 'available', NULL, '2025-05-12 06:48:27', '2025-05-12 06:48:27'),
(476, 1, '2025-06-10 19:00:00', '2025-06-10 19:59:59', 'available', NULL, '2025-05-12 06:48:27', '2025-05-12 06:48:27'),
(477, 1, '2025-06-10 20:00:00', '2025-06-10 20:59:59', 'available', NULL, '2025-05-12 06:48:27', '2025-05-12 06:48:27'),
(478, 1, '2025-06-10 21:00:00', '2025-06-10 21:59:59', 'available', NULL, '2025-05-12 06:48:27', '2025-05-12 06:48:27'),
(479, 1, '2025-06-10 22:00:00', '2025-06-10 22:59:59', 'available', NULL, '2025-05-12 06:48:27', '2025-05-12 06:48:27'),
(480, 1, '2025-06-10 23:00:00', '2025-06-10 23:59:59', 'available', NULL, '2025-05-12 06:48:27', '2025-05-12 06:48:27'),
(481, 1, '2025-06-11 08:00:00', '2025-06-11 08:59:59', 'available', NULL, '2025-05-12 06:48:27', '2025-05-12 06:48:27'),
(482, 1, '2025-06-11 09:00:00', '2025-06-11 09:59:59', 'available', NULL, '2025-05-12 06:48:27', '2025-05-12 06:48:27'),
(483, 1, '2025-06-11 10:00:00', '2025-06-11 10:59:59', 'available', NULL, '2025-05-12 06:48:27', '2025-05-12 06:48:27'),
(484, 1, '2025-06-11 11:00:00', '2025-06-11 11:59:59', 'available', NULL, '2025-05-12 06:48:27', '2025-05-12 06:48:27'),
(485, 1, '2025-06-11 12:00:00', '2025-06-11 12:59:59', 'available', NULL, '2025-05-12 06:48:27', '2025-05-12 06:48:27'),
(486, 1, '2025-06-11 13:00:00', '2025-06-11 13:59:59', 'available', NULL, '2025-05-12 06:48:27', '2025-05-12 06:48:27'),
(487, 1, '2025-06-11 14:00:00', '2025-06-11 14:59:59', 'available', NULL, '2025-05-12 06:48:27', '2025-05-12 06:48:27'),
(488, 1, '2025-06-11 15:00:00', '2025-06-11 15:59:59', 'available', NULL, '2025-05-12 06:48:27', '2025-05-12 06:48:27'),
(489, 1, '2025-06-11 16:00:00', '2025-06-11 16:59:59', 'available', NULL, '2025-05-12 06:48:27', '2025-05-12 06:48:27'),
(490, 1, '2025-06-11 17:00:00', '2025-06-11 17:59:59', 'available', NULL, '2025-05-12 06:48:27', '2025-05-12 06:48:27'),
(491, 1, '2025-06-11 18:00:00', '2025-06-11 18:59:59', 'available', NULL, '2025-05-12 06:48:27', '2025-05-12 06:48:27'),
(492, 1, '2025-06-11 19:00:00', '2025-06-11 19:59:59', 'available', NULL, '2025-05-12 06:48:27', '2025-05-12 06:48:27'),
(493, 1, '2025-06-11 20:00:00', '2025-06-11 20:59:59', 'available', NULL, '2025-05-12 06:48:27', '2025-05-12 06:48:27'),
(494, 1, '2025-06-11 21:00:00', '2025-06-11 21:59:59', 'available', NULL, '2025-05-12 06:48:27', '2025-05-12 06:48:27'),
(495, 1, '2025-06-11 22:00:00', '2025-06-11 22:59:59', 'available', NULL, '2025-05-12 06:48:27', '2025-05-12 06:48:27'),
(496, 1, '2025-06-11 23:00:00', '2025-06-11 23:59:59', 'available', NULL, '2025-05-12 06:48:27', '2025-05-12 06:48:27'),
(497, 2, '2025-05-12 08:00:00', '2025-05-12 08:59:59', 'available', NULL, '2025-05-12 06:48:27', '2025-05-12 06:48:27'),
(498, 2, '2025-05-12 09:00:00', '2025-05-12 09:59:59', 'available', NULL, '2025-05-12 06:48:27', '2025-05-12 06:48:27'),
(499, 2, '2025-05-12 10:00:00', '2025-05-12 10:59:59', 'available', NULL, '2025-05-12 06:48:27', '2025-05-12 06:48:27'),
(500, 2, '2025-05-12 11:00:00', '2025-05-12 11:59:59', 'available', NULL, '2025-05-12 06:48:27', '2025-05-12 06:48:27'),
(501, 2, '2025-05-12 12:00:00', '2025-05-12 12:59:59', 'available', NULL, '2025-05-12 06:48:27', '2025-05-12 06:48:27'),
(502, 2, '2025-05-12 13:00:00', '2025-05-12 13:59:59', 'available', NULL, '2025-05-12 06:48:27', '2025-05-12 06:48:27'),
(503, 2, '2025-05-12 14:00:00', '2025-05-12 14:59:59', 'available', NULL, '2025-05-12 06:48:27', '2025-05-12 06:48:27'),
(504, 2, '2025-05-12 15:00:00', '2025-05-12 15:59:59', 'available', NULL, '2025-05-12 06:48:27', '2025-05-12 06:48:27'),
(505, 2, '2025-05-12 16:00:00', '2025-05-12 16:59:59', 'available', NULL, '2025-05-12 06:48:27', '2025-05-12 06:48:27'),
(506, 2, '2025-05-12 17:00:00', '2025-05-12 17:59:59', 'available', NULL, '2025-05-12 06:48:27', '2025-05-12 06:48:27'),
(507, 2, '2025-05-12 18:00:00', '2025-05-12 18:59:59', 'available', NULL, '2025-05-12 06:48:27', '2025-05-12 06:48:27'),
(508, 2, '2025-05-12 19:00:00', '2025-05-12 19:59:59', 'available', NULL, '2025-05-12 06:48:27', '2025-05-12 06:48:27'),
(509, 2, '2025-05-12 20:00:00', '2025-05-12 20:59:59', 'available', NULL, '2025-05-12 06:48:27', '2025-05-12 06:48:27'),
(510, 2, '2025-05-12 21:00:00', '2025-05-12 21:59:59', 'available', NULL, '2025-05-12 06:48:27', '2025-05-12 06:48:27'),
(511, 2, '2025-05-12 22:00:00', '2025-05-12 22:59:59', 'available', NULL, '2025-05-12 06:48:27', '2025-05-12 06:48:27'),
(512, 2, '2025-05-12 23:00:00', '2025-05-12 23:59:59', 'available', NULL, '2025-05-12 06:48:27', '2025-05-12 06:48:27'),
(513, 2, '2025-05-13 08:00:00', '2025-05-13 08:59:59', 'available', NULL, '2025-05-12 06:48:27', '2025-05-12 06:48:27'),
(514, 2, '2025-05-13 09:00:00', '2025-05-13 09:59:59', 'available', NULL, '2025-05-12 06:48:27', '2025-05-12 06:48:27'),
(515, 2, '2025-05-13 10:00:00', '2025-05-13 10:59:59', 'available', NULL, '2025-05-12 06:48:27', '2025-05-12 06:48:27'),
(516, 2, '2025-05-13 11:00:00', '2025-05-13 11:59:59', 'available', NULL, '2025-05-12 06:48:27', '2025-05-12 06:48:27'),
(517, 2, '2025-05-13 12:00:00', '2025-05-13 12:59:59', 'available', NULL, '2025-05-12 06:48:27', '2025-05-12 06:48:27'),
(518, 2, '2025-05-13 13:00:00', '2025-05-13 13:59:59', 'available', NULL, '2025-05-12 06:48:27', '2025-05-12 06:48:27'),
(519, 2, '2025-05-13 14:00:00', '2025-05-13 14:59:59', 'available', NULL, '2025-05-12 06:48:27', '2025-05-12 06:48:27'),
(520, 2, '2025-05-13 15:00:00', '2025-05-13 15:59:59', 'available', NULL, '2025-05-12 06:48:27', '2025-05-12 06:48:27'),
(521, 2, '2025-05-13 16:00:00', '2025-05-13 16:59:59', 'available', NULL, '2025-05-12 06:48:27', '2025-05-12 06:48:27'),
(522, 2, '2025-05-13 17:00:00', '2025-05-13 17:59:59', 'available', NULL, '2025-05-12 06:48:27', '2025-05-12 06:48:27'),
(523, 2, '2025-05-13 18:00:00', '2025-05-13 18:59:59', 'available', NULL, '2025-05-12 06:48:27', '2025-05-12 06:48:27'),
(524, 2, '2025-05-13 19:00:00', '2025-05-13 19:59:59', 'available', NULL, '2025-05-12 06:48:27', '2025-05-12 06:48:27'),
(525, 2, '2025-05-13 20:00:00', '2025-05-13 20:59:59', 'available', NULL, '2025-05-12 06:48:27', '2025-05-12 06:48:27'),
(526, 2, '2025-05-13 21:00:00', '2025-05-13 21:59:59', 'available', NULL, '2025-05-12 06:48:27', '2025-05-12 06:48:27'),
(527, 2, '2025-05-13 22:00:00', '2025-05-13 22:59:59', 'available', NULL, '2025-05-12 06:48:27', '2025-05-12 06:48:27'),
(528, 2, '2025-05-13 23:00:00', '2025-05-13 23:59:59', 'available', NULL, '2025-05-12 06:48:27', '2025-05-12 06:48:27'),
(529, 2, '2025-05-14 08:00:00', '2025-05-14 08:59:59', 'available', NULL, '2025-05-12 06:48:27', '2025-05-12 06:48:27'),
(530, 2, '2025-05-14 09:00:00', '2025-05-14 09:59:59', 'available', NULL, '2025-05-12 06:48:27', '2025-05-12 06:48:27'),
(531, 2, '2025-05-14 10:00:00', '2025-05-14 10:59:59', 'available', NULL, '2025-05-12 06:48:27', '2025-05-12 06:48:27'),
(532, 2, '2025-05-14 11:00:00', '2025-05-14 11:59:59', 'available', NULL, '2025-05-12 06:48:27', '2025-05-12 06:48:27'),
(533, 2, '2025-05-14 12:00:00', '2025-05-14 12:59:59', 'available', NULL, '2025-05-12 06:48:27', '2025-05-12 06:48:27'),
(534, 2, '2025-05-14 13:00:00', '2025-05-14 13:59:59', 'available', NULL, '2025-05-12 06:48:27', '2025-05-12 06:48:27'),
(535, 2, '2025-05-14 14:00:00', '2025-05-14 14:59:59', 'available', NULL, '2025-05-12 06:48:27', '2025-05-12 06:48:27'),
(536, 2, '2025-05-14 15:00:00', '2025-05-14 15:59:59', 'available', NULL, '2025-05-12 06:48:27', '2025-05-12 06:48:27'),
(537, 2, '2025-05-14 16:00:00', '2025-05-14 16:59:59', 'available', NULL, '2025-05-12 06:48:27', '2025-05-12 06:48:27'),
(538, 2, '2025-05-14 17:00:00', '2025-05-14 17:59:59', 'available', NULL, '2025-05-12 06:48:27', '2025-05-12 06:48:27'),
(539, 2, '2025-05-14 18:00:00', '2025-05-14 18:59:59', 'available', NULL, '2025-05-12 06:48:27', '2025-05-12 06:48:27'),
(540, 2, '2025-05-14 19:00:00', '2025-05-14 19:59:59', 'available', NULL, '2025-05-12 06:48:27', '2025-05-12 06:48:27'),
(541, 2, '2025-05-14 20:00:00', '2025-05-14 20:59:59', 'available', NULL, '2025-05-12 06:48:27', '2025-05-12 06:48:27'),
(542, 2, '2025-05-14 21:00:00', '2025-05-14 21:59:59', 'available', NULL, '2025-05-12 06:48:27', '2025-05-12 06:48:27'),
(543, 2, '2025-05-14 22:00:00', '2025-05-14 22:59:59', 'available', NULL, '2025-05-12 06:48:27', '2025-05-12 06:48:27'),
(544, 2, '2025-05-14 23:00:00', '2025-05-14 23:59:59', 'available', NULL, '2025-05-12 06:48:27', '2025-05-12 06:48:27'),
(545, 2, '2025-05-15 08:00:00', '2025-05-15 08:59:59', 'available', NULL, '2025-05-12 06:48:27', '2025-05-12 06:48:27'),
(546, 2, '2025-05-15 09:00:00', '2025-05-15 09:59:59', 'available', NULL, '2025-05-12 06:48:27', '2025-05-12 06:48:27'),
(547, 2, '2025-05-15 10:00:00', '2025-05-15 10:59:59', 'available', NULL, '2025-05-12 06:48:27', '2025-05-12 06:48:27'),
(548, 2, '2025-05-15 11:00:00', '2025-05-15 11:59:59', 'available', NULL, '2025-05-12 06:48:27', '2025-05-12 06:48:27'),
(549, 2, '2025-05-15 12:00:00', '2025-05-15 12:59:59', 'available', NULL, '2025-05-12 06:48:27', '2025-05-12 06:48:27'),
(550, 2, '2025-05-15 13:00:00', '2025-05-15 13:59:59', 'available', NULL, '2025-05-12 06:48:27', '2025-05-12 06:48:27'),
(551, 2, '2025-05-15 14:00:00', '2025-05-15 14:59:59', 'available', NULL, '2025-05-12 06:48:27', '2025-05-12 06:48:27'),
(552, 2, '2025-05-15 15:00:00', '2025-05-15 15:59:59', 'available', NULL, '2025-05-12 06:48:27', '2025-05-12 06:48:27'),
(553, 2, '2025-05-15 16:00:00', '2025-05-15 16:59:59', 'available', NULL, '2025-05-12 06:48:27', '2025-05-12 06:48:27'),
(554, 2, '2025-05-15 17:00:00', '2025-05-15 17:59:59', 'available', NULL, '2025-05-12 06:48:27', '2025-05-12 06:48:27'),
(555, 2, '2025-05-15 18:00:00', '2025-05-15 18:59:59', 'available', NULL, '2025-05-12 06:48:27', '2025-05-12 06:48:27'),
(556, 2, '2025-05-15 19:00:00', '2025-05-15 19:59:59', 'available', NULL, '2025-05-12 06:48:27', '2025-05-12 06:48:27'),
(557, 2, '2025-05-15 20:00:00', '2025-05-15 20:59:59', 'available', NULL, '2025-05-12 06:48:27', '2025-05-12 06:48:27'),
(558, 2, '2025-05-15 21:00:00', '2025-05-15 21:59:59', 'available', NULL, '2025-05-12 06:48:27', '2025-05-12 06:48:27'),
(559, 2, '2025-05-15 22:00:00', '2025-05-15 22:59:59', 'available', NULL, '2025-05-12 06:48:27', '2025-05-12 06:48:27'),
(560, 2, '2025-05-15 23:00:00', '2025-05-15 23:59:59', 'available', NULL, '2025-05-12 06:48:27', '2025-05-12 06:48:27'),
(561, 2, '2025-05-16 08:00:00', '2025-05-16 08:59:59', 'available', NULL, '2025-05-12 06:48:27', '2025-05-12 06:48:27'),
(562, 2, '2025-05-16 09:00:00', '2025-05-16 09:59:59', 'available', NULL, '2025-05-12 06:48:27', '2025-05-12 06:48:27'),
(563, 2, '2025-05-16 10:00:00', '2025-05-16 10:59:59', 'available', NULL, '2025-05-12 06:48:27', '2025-05-12 06:48:27'),
(564, 2, '2025-05-16 11:00:00', '2025-05-16 11:59:59', 'available', NULL, '2025-05-12 06:48:27', '2025-05-12 06:48:27'),
(565, 2, '2025-05-16 12:00:00', '2025-05-16 12:59:59', 'available', NULL, '2025-05-12 06:48:27', '2025-05-12 06:48:27'),
(566, 2, '2025-05-16 13:00:00', '2025-05-16 13:59:59', 'available', NULL, '2025-05-12 06:48:27', '2025-05-12 06:48:27'),
(567, 2, '2025-05-16 14:00:00', '2025-05-16 14:59:59', 'available', NULL, '2025-05-12 06:48:27', '2025-05-12 06:48:27'),
(568, 2, '2025-05-16 15:00:00', '2025-05-16 15:59:59', 'available', NULL, '2025-05-12 06:48:27', '2025-05-12 06:48:27'),
(569, 2, '2025-05-16 16:00:00', '2025-05-16 16:59:59', 'available', NULL, '2025-05-12 06:48:27', '2025-05-12 06:48:27'),
(570, 2, '2025-05-16 17:00:00', '2025-05-16 17:59:59', 'available', NULL, '2025-05-12 06:48:27', '2025-05-12 06:48:27'),
(571, 2, '2025-05-16 18:00:00', '2025-05-16 18:59:59', 'available', NULL, '2025-05-12 06:48:27', '2025-05-12 06:48:27'),
(572, 2, '2025-05-16 19:00:00', '2025-05-16 19:59:59', 'available', NULL, '2025-05-12 06:48:27', '2025-05-12 06:48:27'),
(573, 2, '2025-05-16 20:00:00', '2025-05-16 20:59:59', 'available', NULL, '2025-05-12 06:48:27', '2025-05-12 06:48:27'),
(574, 2, '2025-05-16 21:00:00', '2025-05-16 21:59:59', 'available', NULL, '2025-05-12 06:48:27', '2025-05-12 06:48:27'),
(575, 2, '2025-05-16 22:00:00', '2025-05-16 22:59:59', 'available', NULL, '2025-05-12 06:48:27', '2025-05-12 06:48:27'),
(576, 2, '2025-05-16 23:00:00', '2025-05-16 23:59:59', 'available', NULL, '2025-05-12 06:48:27', '2025-05-12 06:48:27'),
(577, 2, '2025-05-17 08:00:00', '2025-05-17 08:59:59', 'available', NULL, '2025-05-12 06:48:27', '2025-05-12 06:48:27'),
(578, 2, '2025-05-17 09:00:00', '2025-05-17 09:59:59', 'available', NULL, '2025-05-12 06:48:27', '2025-05-12 06:48:27'),
(579, 2, '2025-05-17 10:00:00', '2025-05-17 10:59:59', 'available', NULL, '2025-05-12 06:48:27', '2025-05-12 06:48:27'),
(580, 2, '2025-05-17 11:00:00', '2025-05-17 11:59:59', 'available', NULL, '2025-05-12 06:48:27', '2025-05-12 06:48:27'),
(581, 2, '2025-05-17 12:00:00', '2025-05-17 12:59:59', 'available', NULL, '2025-05-12 06:48:27', '2025-05-12 06:48:27'),
(582, 2, '2025-05-17 13:00:00', '2025-05-17 13:59:59', 'available', NULL, '2025-05-12 06:48:27', '2025-05-12 06:48:27'),
(583, 2, '2025-05-17 14:00:00', '2025-05-17 14:59:59', 'available', NULL, '2025-05-12 06:48:27', '2025-05-12 06:48:27'),
(584, 2, '2025-05-17 15:00:00', '2025-05-17 15:59:59', 'available', NULL, '2025-05-12 06:48:27', '2025-05-12 06:48:27'),
(585, 2, '2025-05-17 16:00:00', '2025-05-17 16:59:59', 'available', NULL, '2025-05-12 06:48:27', '2025-05-12 06:48:27'),
(586, 2, '2025-05-17 17:00:00', '2025-05-17 17:59:59', 'available', NULL, '2025-05-12 06:48:27', '2025-05-12 06:48:27'),
(587, 2, '2025-05-17 18:00:00', '2025-05-17 18:59:59', 'available', NULL, '2025-05-12 06:48:27', '2025-05-12 06:48:27'),
(588, 2, '2025-05-17 19:00:00', '2025-05-17 19:59:59', 'available', NULL, '2025-05-12 06:48:27', '2025-05-12 06:48:27'),
(589, 2, '2025-05-17 20:00:00', '2025-05-17 20:59:59', 'available', NULL, '2025-05-12 06:48:27', '2025-05-12 06:48:27'),
(590, 2, '2025-05-17 21:00:00', '2025-05-17 21:59:59', 'available', NULL, '2025-05-12 06:48:27', '2025-05-12 06:48:27'),
(591, 2, '2025-05-17 22:00:00', '2025-05-17 22:59:59', 'available', NULL, '2025-05-12 06:48:27', '2025-05-12 06:48:27'),
(592, 2, '2025-05-17 23:00:00', '2025-05-17 23:59:59', 'available', NULL, '2025-05-12 06:48:27', '2025-05-12 06:48:27'),
(593, 2, '2025-05-18 08:00:00', '2025-05-18 08:59:59', 'available', NULL, '2025-05-12 06:48:27', '2025-05-12 06:48:27'),
(594, 2, '2025-05-18 09:00:00', '2025-05-18 09:59:59', 'available', NULL, '2025-05-12 06:48:27', '2025-05-12 06:48:27'),
(595, 2, '2025-05-18 10:00:00', '2025-05-18 10:59:59', 'available', NULL, '2025-05-12 06:48:27', '2025-05-12 06:48:27'),
(596, 2, '2025-05-18 11:00:00', '2025-05-18 11:59:59', 'available', NULL, '2025-05-12 06:48:27', '2025-05-12 06:48:27'),
(597, 2, '2025-05-18 12:00:00', '2025-05-18 12:59:59', 'available', NULL, '2025-05-12 06:48:27', '2025-05-12 06:48:27'),
(598, 2, '2025-05-18 13:00:00', '2025-05-18 13:59:59', 'available', NULL, '2025-05-12 06:48:27', '2025-05-12 06:48:27'),
(599, 2, '2025-05-18 14:00:00', '2025-05-18 14:59:59', 'available', NULL, '2025-05-12 06:48:27', '2025-05-12 06:48:27'),
(600, 2, '2025-05-18 15:00:00', '2025-05-18 15:59:59', 'available', NULL, '2025-05-12 06:48:27', '2025-05-12 06:48:27'),
(601, 2, '2025-05-18 16:00:00', '2025-05-18 16:59:59', 'available', NULL, '2025-05-12 06:48:27', '2025-05-12 06:48:27'),
(602, 2, '2025-05-18 17:00:00', '2025-05-18 17:59:59', 'available', NULL, '2025-05-12 06:48:27', '2025-05-12 06:48:27'),
(603, 2, '2025-05-18 18:00:00', '2025-05-18 18:59:59', 'available', NULL, '2025-05-12 06:48:27', '2025-05-12 06:48:27'),
(604, 2, '2025-05-18 19:00:00', '2025-05-18 19:59:59', 'available', NULL, '2025-05-12 06:48:27', '2025-05-12 06:48:27'),
(605, 2, '2025-05-18 20:00:00', '2025-05-18 20:59:59', 'available', NULL, '2025-05-12 06:48:27', '2025-05-12 06:48:27'),
(606, 2, '2025-05-18 21:00:00', '2025-05-18 21:59:59', 'available', NULL, '2025-05-12 06:48:27', '2025-05-12 06:48:27'),
(607, 2, '2025-05-18 22:00:00', '2025-05-18 22:59:59', 'available', NULL, '2025-05-12 06:48:27', '2025-05-12 06:48:27'),
(608, 2, '2025-05-18 23:00:00', '2025-05-18 23:59:59', 'available', NULL, '2025-05-12 06:48:27', '2025-05-12 06:48:27'),
(609, 2, '2025-05-19 08:00:00', '2025-05-19 08:59:59', 'available', NULL, '2025-05-12 06:48:27', '2025-05-12 06:48:27'),
(610, 2, '2025-05-19 09:00:00', '2025-05-19 09:59:59', 'available', NULL, '2025-05-12 06:48:27', '2025-05-12 06:48:27'),
(611, 2, '2025-05-19 10:00:00', '2025-05-19 10:59:59', 'available', NULL, '2025-05-12 06:48:27', '2025-05-12 06:48:27'),
(612, 2, '2025-05-19 11:00:00', '2025-05-19 11:59:59', 'available', NULL, '2025-05-12 06:48:27', '2025-05-12 06:48:27'),
(613, 2, '2025-05-19 12:00:00', '2025-05-19 12:59:59', 'available', NULL, '2025-05-12 06:48:27', '2025-05-12 06:48:27'),
(614, 2, '2025-05-19 13:00:00', '2025-05-19 13:59:59', 'available', NULL, '2025-05-12 06:48:27', '2025-05-12 06:48:27'),
(615, 2, '2025-05-19 14:00:00', '2025-05-19 14:59:59', 'available', NULL, '2025-05-12 06:48:27', '2025-05-12 06:48:27'),
(616, 2, '2025-05-19 15:00:00', '2025-05-19 15:59:59', 'available', NULL, '2025-05-12 06:48:27', '2025-05-12 06:48:27'),
(617, 2, '2025-05-19 16:00:00', '2025-05-19 16:59:59', 'available', NULL, '2025-05-12 06:48:27', '2025-05-12 06:48:27'),
(618, 2, '2025-05-19 17:00:00', '2025-05-19 17:59:59', 'available', NULL, '2025-05-12 06:48:27', '2025-05-12 06:48:27'),
(619, 2, '2025-05-19 18:00:00', '2025-05-19 18:59:59', 'available', NULL, '2025-05-12 06:48:27', '2025-05-12 06:48:27'),
(620, 2, '2025-05-19 19:00:00', '2025-05-19 19:59:59', 'available', NULL, '2025-05-12 06:48:27', '2025-05-12 06:48:27'),
(621, 2, '2025-05-19 20:00:00', '2025-05-19 20:59:59', 'available', NULL, '2025-05-12 06:48:27', '2025-05-12 06:48:27'),
(622, 2, '2025-05-19 21:00:00', '2025-05-19 21:59:59', 'available', NULL, '2025-05-12 06:48:27', '2025-05-12 06:48:27'),
(623, 2, '2025-05-19 22:00:00', '2025-05-19 22:59:59', 'available', NULL, '2025-05-12 06:48:27', '2025-05-12 06:48:27'),
(624, 2, '2025-05-19 23:00:00', '2025-05-19 23:59:59', 'available', NULL, '2025-05-12 06:48:27', '2025-05-12 06:48:27'),
(625, 2, '2025-05-20 08:00:00', '2025-05-20 08:59:59', 'available', NULL, '2025-05-12 06:48:27', '2025-05-12 06:48:27'),
(626, 2, '2025-05-20 09:00:00', '2025-05-20 09:59:59', 'available', NULL, '2025-05-12 06:48:27', '2025-05-12 06:48:27'),
(627, 2, '2025-05-20 10:00:00', '2025-05-20 10:59:59', 'available', NULL, '2025-05-12 06:48:27', '2025-05-12 06:48:27'),
(628, 2, '2025-05-20 11:00:00', '2025-05-20 11:59:59', 'available', NULL, '2025-05-12 06:48:27', '2025-05-12 06:48:27'),
(629, 2, '2025-05-20 12:00:00', '2025-05-20 12:59:59', 'available', NULL, '2025-05-12 06:48:27', '2025-05-12 06:48:27'),
(630, 2, '2025-05-20 13:00:00', '2025-05-20 13:59:59', 'available', NULL, '2025-05-12 06:48:27', '2025-05-12 06:48:27'),
(631, 2, '2025-05-20 14:00:00', '2025-05-20 14:59:59', 'available', NULL, '2025-05-12 06:48:27', '2025-05-12 06:48:27'),
(632, 2, '2025-05-20 15:00:00', '2025-05-20 15:59:59', 'available', NULL, '2025-05-12 06:48:27', '2025-05-12 06:48:27'),
(633, 2, '2025-05-20 16:00:00', '2025-05-20 16:59:59', 'available', NULL, '2025-05-12 06:48:27', '2025-05-12 06:48:27'),
(634, 2, '2025-05-20 17:00:00', '2025-05-20 17:59:59', 'available', NULL, '2025-05-12 06:48:27', '2025-05-12 06:48:27'),
(635, 2, '2025-05-20 18:00:00', '2025-05-20 18:59:59', 'available', NULL, '2025-05-12 06:48:27', '2025-05-12 06:48:27'),
(636, 2, '2025-05-20 19:00:00', '2025-05-20 19:59:59', 'available', NULL, '2025-05-12 06:48:27', '2025-05-12 06:48:27'),
(637, 2, '2025-05-20 20:00:00', '2025-05-20 20:59:59', 'available', NULL, '2025-05-12 06:48:27', '2025-05-12 06:48:27'),
(638, 2, '2025-05-20 21:00:00', '2025-05-20 21:59:59', 'available', NULL, '2025-05-12 06:48:27', '2025-05-12 06:48:27'),
(639, 2, '2025-05-20 22:00:00', '2025-05-20 22:59:59', 'available', NULL, '2025-05-12 06:48:27', '2025-05-12 06:48:27'),
(640, 2, '2025-05-20 23:00:00', '2025-05-20 23:59:59', 'available', NULL, '2025-05-12 06:48:27', '2025-05-12 06:48:27'),
(641, 2, '2025-05-21 08:00:00', '2025-05-21 08:59:59', 'available', NULL, '2025-05-12 06:48:27', '2025-05-12 06:48:27'),
(642, 2, '2025-05-21 09:00:00', '2025-05-21 09:59:59', 'available', NULL, '2025-05-12 06:48:27', '2025-05-12 06:48:27'),
(643, 2, '2025-05-21 10:00:00', '2025-05-21 10:59:59', 'available', NULL, '2025-05-12 06:48:27', '2025-05-12 06:48:27'),
(644, 2, '2025-05-21 11:00:00', '2025-05-21 11:59:59', 'available', NULL, '2025-05-12 06:48:27', '2025-05-12 06:48:27'),
(645, 2, '2025-05-21 12:00:00', '2025-05-21 12:59:59', 'available', NULL, '2025-05-12 06:48:27', '2025-05-12 06:48:27'),
(646, 2, '2025-05-21 13:00:00', '2025-05-21 13:59:59', 'available', NULL, '2025-05-12 06:48:27', '2025-05-12 06:48:27'),
(647, 2, '2025-05-21 14:00:00', '2025-05-21 14:59:59', 'available', NULL, '2025-05-12 06:48:27', '2025-05-12 06:48:27'),
(648, 2, '2025-05-21 15:00:00', '2025-05-21 15:59:59', 'available', NULL, '2025-05-12 06:48:27', '2025-05-12 06:48:27'),
(649, 2, '2025-05-21 16:00:00', '2025-05-21 16:59:59', 'available', NULL, '2025-05-12 06:48:27', '2025-05-12 06:48:27'),
(650, 2, '2025-05-21 17:00:00', '2025-05-21 17:59:59', 'available', NULL, '2025-05-12 06:48:27', '2025-05-12 06:48:27'),
(651, 2, '2025-05-21 18:00:00', '2025-05-21 18:59:59', 'available', NULL, '2025-05-12 06:48:27', '2025-05-12 06:48:27'),
(652, 2, '2025-05-21 19:00:00', '2025-05-21 19:59:59', 'available', NULL, '2025-05-12 06:48:27', '2025-05-12 06:48:27'),
(653, 2, '2025-05-21 20:00:00', '2025-05-21 20:59:59', 'available', NULL, '2025-05-12 06:48:27', '2025-05-12 06:48:27'),
(654, 2, '2025-05-21 21:00:00', '2025-05-21 21:59:59', 'available', NULL, '2025-05-12 06:48:27', '2025-05-12 06:48:27'),
(655, 2, '2025-05-21 22:00:00', '2025-05-21 22:59:59', 'available', NULL, '2025-05-12 06:48:27', '2025-05-12 06:48:27'),
(656, 2, '2025-05-21 23:00:00', '2025-05-21 23:59:59', 'available', NULL, '2025-05-12 06:48:27', '2025-05-12 06:48:27'),
(657, 2, '2025-05-22 08:00:00', '2025-05-22 08:59:59', 'available', NULL, '2025-05-12 06:48:27', '2025-05-12 06:48:27'),
(658, 2, '2025-05-22 09:00:00', '2025-05-22 09:59:59', 'available', NULL, '2025-05-12 06:48:27', '2025-05-12 06:48:27'),
(659, 2, '2025-05-22 10:00:00', '2025-05-22 10:59:59', 'available', NULL, '2025-05-12 06:48:27', '2025-05-12 06:48:27'),
(660, 2, '2025-05-22 11:00:00', '2025-05-22 11:59:59', 'available', NULL, '2025-05-12 06:48:27', '2025-05-12 06:48:27'),
(661, 2, '2025-05-22 12:00:00', '2025-05-22 12:59:59', 'available', NULL, '2025-05-12 06:48:27', '2025-05-12 06:48:27'),
(662, 2, '2025-05-22 13:00:00', '2025-05-22 13:59:59', 'available', NULL, '2025-05-12 06:48:27', '2025-05-12 06:48:27'),
(663, 2, '2025-05-22 14:00:00', '2025-05-22 14:59:59', 'available', NULL, '2025-05-12 06:48:27', '2025-05-12 06:48:27'),
(664, 2, '2025-05-22 15:00:00', '2025-05-22 15:59:59', 'available', NULL, '2025-05-12 06:48:27', '2025-05-12 06:48:27'),
(665, 2, '2025-05-22 16:00:00', '2025-05-22 16:59:59', 'available', NULL, '2025-05-12 06:48:27', '2025-05-12 06:48:27'),
(666, 2, '2025-05-22 17:00:00', '2025-05-22 17:59:59', 'available', NULL, '2025-05-12 06:48:27', '2025-05-12 06:48:27'),
(667, 2, '2025-05-22 18:00:00', '2025-05-22 18:59:59', 'available', NULL, '2025-05-12 06:48:27', '2025-05-12 06:48:27'),
(668, 2, '2025-05-22 19:00:00', '2025-05-22 19:59:59', 'available', NULL, '2025-05-12 06:48:27', '2025-05-12 06:48:27'),
(669, 2, '2025-05-22 20:00:00', '2025-05-22 20:59:59', 'available', NULL, '2025-05-12 06:48:27', '2025-05-12 06:48:27'),
(670, 2, '2025-05-22 21:00:00', '2025-05-22 21:59:59', 'available', NULL, '2025-05-12 06:48:27', '2025-05-12 06:48:27'),
(671, 2, '2025-05-22 22:00:00', '2025-05-22 22:59:59', 'available', NULL, '2025-05-12 06:48:27', '2025-05-12 06:48:27'),
(672, 2, '2025-05-22 23:00:00', '2025-05-22 23:59:59', 'available', NULL, '2025-05-12 06:48:27', '2025-05-12 06:48:27'),
(673, 2, '2025-05-23 08:00:00', '2025-05-23 08:59:59', 'available', NULL, '2025-05-12 06:48:27', '2025-05-12 06:48:27'),
(674, 2, '2025-05-23 09:00:00', '2025-05-23 09:59:59', 'available', NULL, '2025-05-12 06:48:27', '2025-05-12 06:48:27'),
(675, 2, '2025-05-23 10:00:00', '2025-05-23 10:59:59', 'available', NULL, '2025-05-12 06:48:27', '2025-05-12 06:48:27'),
(676, 2, '2025-05-23 11:00:00', '2025-05-23 11:59:59', 'available', NULL, '2025-05-12 06:48:27', '2025-05-12 06:48:27'),
(677, 2, '2025-05-23 12:00:00', '2025-05-23 12:59:59', 'available', NULL, '2025-05-12 06:48:27', '2025-05-12 06:48:27'),
(678, 2, '2025-05-23 13:00:00', '2025-05-23 13:59:59', 'available', NULL, '2025-05-12 06:48:27', '2025-05-12 06:48:27'),
(679, 2, '2025-05-23 14:00:00', '2025-05-23 14:59:59', 'available', NULL, '2025-05-12 06:48:27', '2025-05-12 06:48:27'),
(680, 2, '2025-05-23 15:00:00', '2025-05-23 15:59:59', 'available', NULL, '2025-05-12 06:48:27', '2025-05-12 06:48:27'),
(681, 2, '2025-05-23 16:00:00', '2025-05-23 16:59:59', 'available', NULL, '2025-05-12 06:48:27', '2025-05-12 06:48:27'),
(682, 2, '2025-05-23 17:00:00', '2025-05-23 17:59:59', 'available', NULL, '2025-05-12 06:48:27', '2025-05-12 06:48:27'),
(683, 2, '2025-05-23 18:00:00', '2025-05-23 18:59:59', 'available', NULL, '2025-05-12 06:48:27', '2025-05-12 06:48:27'),
(684, 2, '2025-05-23 19:00:00', '2025-05-23 19:59:59', 'available', NULL, '2025-05-12 06:48:27', '2025-05-12 06:48:27'),
(685, 2, '2025-05-23 20:00:00', '2025-05-23 20:59:59', 'available', NULL, '2025-05-12 06:48:27', '2025-05-12 06:48:27'),
(686, 2, '2025-05-23 21:00:00', '2025-05-23 21:59:59', 'available', NULL, '2025-05-12 06:48:27', '2025-05-12 06:48:27'),
(687, 2, '2025-05-23 22:00:00', '2025-05-23 22:59:59', 'available', NULL, '2025-05-12 06:48:27', '2025-05-12 06:48:27'),
(688, 2, '2025-05-23 23:00:00', '2025-05-23 23:59:59', 'available', NULL, '2025-05-12 06:48:27', '2025-05-12 06:48:27'),
(689, 2, '2025-05-24 08:00:00', '2025-05-24 08:59:59', 'available', NULL, '2025-05-12 06:48:27', '2025-05-12 06:48:27'),
(690, 2, '2025-05-24 09:00:00', '2025-05-24 09:59:59', 'available', NULL, '2025-05-12 06:48:27', '2025-05-12 06:48:27'),
(691, 2, '2025-05-24 10:00:00', '2025-05-24 10:59:59', 'available', NULL, '2025-05-12 06:48:27', '2025-05-12 06:48:27'),
(692, 2, '2025-05-24 11:00:00', '2025-05-24 11:59:59', 'available', NULL, '2025-05-12 06:48:27', '2025-05-12 06:48:27'),
(693, 2, '2025-05-24 12:00:00', '2025-05-24 12:59:59', 'available', NULL, '2025-05-12 06:48:27', '2025-05-12 06:48:27'),
(694, 2, '2025-05-24 13:00:00', '2025-05-24 13:59:59', 'available', NULL, '2025-05-12 06:48:27', '2025-05-12 06:48:27'),
(695, 2, '2025-05-24 14:00:00', '2025-05-24 14:59:59', 'available', NULL, '2025-05-12 06:48:27', '2025-05-12 06:48:27'),
(696, 2, '2025-05-24 15:00:00', '2025-05-24 15:59:59', 'available', NULL, '2025-05-12 06:48:27', '2025-05-12 06:48:27'),
(697, 2, '2025-05-24 16:00:00', '2025-05-24 16:59:59', 'available', NULL, '2025-05-12 06:48:27', '2025-05-12 06:48:27'),
(698, 2, '2025-05-24 17:00:00', '2025-05-24 17:59:59', 'available', NULL, '2025-05-12 06:48:27', '2025-05-12 06:48:27'),
(699, 2, '2025-05-24 18:00:00', '2025-05-24 18:59:59', 'available', NULL, '2025-05-12 06:48:27', '2025-05-12 06:48:27'),
(700, 2, '2025-05-24 19:00:00', '2025-05-24 19:59:59', 'available', NULL, '2025-05-12 06:48:27', '2025-05-12 06:48:27'),
(701, 2, '2025-05-24 20:00:00', '2025-05-24 20:59:59', 'available', NULL, '2025-05-12 06:48:27', '2025-05-12 06:48:27'),
(702, 2, '2025-05-24 21:00:00', '2025-05-24 21:59:59', 'available', NULL, '2025-05-12 06:48:27', '2025-05-12 06:48:27'),
(703, 2, '2025-05-24 22:00:00', '2025-05-24 22:59:59', 'available', NULL, '2025-05-12 06:48:27', '2025-05-12 06:48:27'),
(704, 2, '2025-05-24 23:00:00', '2025-05-24 23:59:59', 'available', NULL, '2025-05-12 06:48:27', '2025-05-12 06:48:27'),
(705, 2, '2025-05-25 08:00:00', '2025-05-25 08:59:59', 'available', NULL, '2025-05-12 06:48:27', '2025-05-12 06:48:27'),
(706, 2, '2025-05-25 09:00:00', '2025-05-25 09:59:59', 'available', NULL, '2025-05-12 06:48:27', '2025-05-12 06:48:27'),
(707, 2, '2025-05-25 10:00:00', '2025-05-25 10:59:59', 'available', NULL, '2025-05-12 06:48:27', '2025-05-12 06:48:27'),
(708, 2, '2025-05-25 11:00:00', '2025-05-25 11:59:59', 'available', NULL, '2025-05-12 06:48:27', '2025-05-12 06:48:27'),
(709, 2, '2025-05-25 12:00:00', '2025-05-25 12:59:59', 'available', NULL, '2025-05-12 06:48:27', '2025-05-12 06:48:27'),
(710, 2, '2025-05-25 13:00:00', '2025-05-25 13:59:59', 'available', NULL, '2025-05-12 06:48:27', '2025-05-12 06:48:27'),
(711, 2, '2025-05-25 14:00:00', '2025-05-25 14:59:59', 'available', NULL, '2025-05-12 06:48:27', '2025-05-12 06:48:27'),
(712, 2, '2025-05-25 15:00:00', '2025-05-25 15:59:59', 'available', NULL, '2025-05-12 06:48:27', '2025-05-12 06:48:27'),
(713, 2, '2025-05-25 16:00:00', '2025-05-25 16:59:59', 'available', NULL, '2025-05-12 06:48:27', '2025-05-12 06:48:27'),
(714, 2, '2025-05-25 17:00:00', '2025-05-25 17:59:59', 'available', NULL, '2025-05-12 06:48:27', '2025-05-12 06:48:27'),
(715, 2, '2025-05-25 18:00:00', '2025-05-25 18:59:59', 'available', NULL, '2025-05-12 06:48:27', '2025-05-12 06:48:27'),
(716, 2, '2025-05-25 19:00:00', '2025-05-25 19:59:59', 'available', NULL, '2025-05-12 06:48:27', '2025-05-12 06:48:27'),
(717, 2, '2025-05-25 20:00:00', '2025-05-25 20:59:59', 'available', NULL, '2025-05-12 06:48:27', '2025-05-12 06:48:27'),
(718, 2, '2025-05-25 21:00:00', '2025-05-25 21:59:59', 'available', NULL, '2025-05-12 06:48:27', '2025-05-12 06:48:27'),
(719, 2, '2025-05-25 22:00:00', '2025-05-25 22:59:59', 'available', NULL, '2025-05-12 06:48:27', '2025-05-12 06:48:27'),
(720, 2, '2025-05-25 23:00:00', '2025-05-25 23:59:59', 'available', NULL, '2025-05-12 06:48:27', '2025-05-12 06:48:27'),
(721, 2, '2025-05-26 08:00:00', '2025-05-26 08:59:59', 'available', NULL, '2025-05-12 06:48:27', '2025-05-12 06:48:27'),
(722, 2, '2025-05-26 09:00:00', '2025-05-26 09:59:59', 'available', NULL, '2025-05-12 06:48:27', '2025-05-12 06:48:27'),
(723, 2, '2025-05-26 10:00:00', '2025-05-26 10:59:59', 'available', NULL, '2025-05-12 06:48:27', '2025-05-12 06:48:27'),
(724, 2, '2025-05-26 11:00:00', '2025-05-26 11:59:59', 'available', NULL, '2025-05-12 06:48:27', '2025-05-12 06:48:27'),
(725, 2, '2025-05-26 12:00:00', '2025-05-26 12:59:59', 'available', NULL, '2025-05-12 06:48:27', '2025-05-12 06:48:27'),
(726, 2, '2025-05-26 13:00:00', '2025-05-26 13:59:59', 'available', NULL, '2025-05-12 06:48:27', '2025-05-12 06:48:27'),
(727, 2, '2025-05-26 14:00:00', '2025-05-26 14:59:59', 'available', NULL, '2025-05-12 06:48:27', '2025-05-12 06:48:27'),
(728, 2, '2025-05-26 15:00:00', '2025-05-26 15:59:59', 'available', NULL, '2025-05-12 06:48:27', '2025-05-12 06:48:27'),
(729, 2, '2025-05-26 16:00:00', '2025-05-26 16:59:59', 'available', NULL, '2025-05-12 06:48:27', '2025-05-12 06:48:27'),
(730, 2, '2025-05-26 17:00:00', '2025-05-26 17:59:59', 'available', NULL, '2025-05-12 06:48:27', '2025-05-12 06:48:27'),
(731, 2, '2025-05-26 18:00:00', '2025-05-26 18:59:59', 'available', NULL, '2025-05-12 06:48:27', '2025-05-12 06:48:27'),
(732, 2, '2025-05-26 19:00:00', '2025-05-26 19:59:59', 'available', NULL, '2025-05-12 06:48:27', '2025-05-12 06:48:27'),
(733, 2, '2025-05-26 20:00:00', '2025-05-26 20:59:59', 'available', NULL, '2025-05-12 06:48:27', '2025-05-12 06:48:27'),
(734, 2, '2025-05-26 21:00:00', '2025-05-26 21:59:59', 'available', NULL, '2025-05-12 06:48:27', '2025-05-12 06:48:27'),
(735, 2, '2025-05-26 22:00:00', '2025-05-26 22:59:59', 'available', NULL, '2025-05-12 06:48:27', '2025-05-12 06:48:27'),
(736, 2, '2025-05-26 23:00:00', '2025-05-26 23:59:59', 'available', NULL, '2025-05-12 06:48:27', '2025-05-12 06:48:27'),
(737, 2, '2025-05-27 08:00:00', '2025-05-27 08:59:59', 'available', NULL, '2025-05-12 06:48:27', '2025-05-12 06:48:27'),
(738, 2, '2025-05-27 09:00:00', '2025-05-27 09:59:59', 'available', NULL, '2025-05-12 06:48:27', '2025-05-12 06:48:27'),
(739, 2, '2025-05-27 10:00:00', '2025-05-27 10:59:59', 'available', NULL, '2025-05-12 06:48:27', '2025-05-12 06:48:27'),
(740, 2, '2025-05-27 11:00:00', '2025-05-27 11:59:59', 'available', NULL, '2025-05-12 06:48:27', '2025-05-12 06:48:27'),
(741, 2, '2025-05-27 12:00:00', '2025-05-27 12:59:59', 'available', NULL, '2025-05-12 06:48:27', '2025-05-12 06:48:27'),
(742, 2, '2025-05-27 13:00:00', '2025-05-27 13:59:59', 'available', NULL, '2025-05-12 06:48:27', '2025-05-12 06:48:27'),
(743, 2, '2025-05-27 14:00:00', '2025-05-27 14:59:59', 'available', NULL, '2025-05-12 06:48:27', '2025-05-12 06:48:27'),
(744, 2, '2025-05-27 15:00:00', '2025-05-27 15:59:59', 'available', NULL, '2025-05-12 06:48:27', '2025-05-12 06:48:27'),
(745, 2, '2025-05-27 16:00:00', '2025-05-27 16:59:59', 'available', NULL, '2025-05-12 06:48:27', '2025-05-12 06:48:27'),
(746, 2, '2025-05-27 17:00:00', '2025-05-27 17:59:59', 'available', NULL, '2025-05-12 06:48:27', '2025-05-12 06:48:27'),
(747, 2, '2025-05-27 18:00:00', '2025-05-27 18:59:59', 'available', NULL, '2025-05-12 06:48:27', '2025-05-12 06:48:27'),
(748, 2, '2025-05-27 19:00:00', '2025-05-27 19:59:59', 'available', NULL, '2025-05-12 06:48:27', '2025-05-12 06:48:27'),
(749, 2, '2025-05-27 20:00:00', '2025-05-27 20:59:59', 'available', NULL, '2025-05-12 06:48:27', '2025-05-12 06:48:27'),
(750, 2, '2025-05-27 21:00:00', '2025-05-27 21:59:59', 'available', NULL, '2025-05-12 06:48:27', '2025-05-12 06:48:27'),
(751, 2, '2025-05-27 22:00:00', '2025-05-27 22:59:59', 'available', NULL, '2025-05-12 06:48:27', '2025-05-12 06:48:27'),
(752, 2, '2025-05-27 23:00:00', '2025-05-27 23:59:59', 'available', NULL, '2025-05-12 06:48:27', '2025-05-12 06:48:27'),
(753, 2, '2025-05-28 08:00:00', '2025-05-28 08:59:59', 'available', NULL, '2025-05-12 06:48:27', '2025-05-12 06:48:27'),
(754, 2, '2025-05-28 09:00:00', '2025-05-28 09:59:59', 'available', NULL, '2025-05-12 06:48:27', '2025-05-12 06:48:27'),
(755, 2, '2025-05-28 10:00:00', '2025-05-28 10:59:59', 'available', NULL, '2025-05-12 06:48:27', '2025-05-12 06:48:27'),
(756, 2, '2025-05-28 11:00:00', '2025-05-28 11:59:59', 'available', NULL, '2025-05-12 06:48:27', '2025-05-12 06:48:27'),
(757, 2, '2025-05-28 12:00:00', '2025-05-28 12:59:59', 'available', NULL, '2025-05-12 06:48:27', '2025-05-12 06:48:27'),
(758, 2, '2025-05-28 13:00:00', '2025-05-28 13:59:59', 'available', NULL, '2025-05-12 06:48:27', '2025-05-12 06:48:27'),
(759, 2, '2025-05-28 14:00:00', '2025-05-28 14:59:59', 'available', NULL, '2025-05-12 06:48:27', '2025-05-12 06:48:27'),
(760, 2, '2025-05-28 15:00:00', '2025-05-28 15:59:59', 'available', NULL, '2025-05-12 06:48:27', '2025-05-12 06:48:27'),
(761, 2, '2025-05-28 16:00:00', '2025-05-28 16:59:59', 'available', NULL, '2025-05-12 06:48:27', '2025-05-12 06:48:27'),
(762, 2, '2025-05-28 17:00:00', '2025-05-28 17:59:59', 'available', NULL, '2025-05-12 06:48:27', '2025-05-12 06:48:27'),
(763, 2, '2025-05-28 18:00:00', '2025-05-28 18:59:59', 'available', NULL, '2025-05-12 06:48:27', '2025-05-12 06:48:27'),
(764, 2, '2025-05-28 19:00:00', '2025-05-28 19:59:59', 'available', NULL, '2025-05-12 06:48:27', '2025-05-12 06:48:27'),
(765, 2, '2025-05-28 20:00:00', '2025-05-28 20:59:59', 'available', NULL, '2025-05-12 06:48:27', '2025-05-12 06:48:27'),
(766, 2, '2025-05-28 21:00:00', '2025-05-28 21:59:59', 'available', NULL, '2025-05-12 06:48:27', '2025-05-12 06:48:27'),
(767, 2, '2025-05-28 22:00:00', '2025-05-28 22:59:59', 'available', NULL, '2025-05-12 06:48:27', '2025-05-12 06:48:27'),
(768, 2, '2025-05-28 23:00:00', '2025-05-28 23:59:59', 'available', NULL, '2025-05-12 06:48:27', '2025-05-12 06:48:27'),
(769, 2, '2025-05-29 08:00:00', '2025-05-29 08:59:59', 'available', NULL, '2025-05-12 06:48:27', '2025-05-12 06:48:27'),
(770, 2, '2025-05-29 09:00:00', '2025-05-29 09:59:59', 'available', NULL, '2025-05-12 06:48:27', '2025-05-12 06:48:27'),
(771, 2, '2025-05-29 10:00:00', '2025-05-29 10:59:59', 'available', NULL, '2025-05-12 06:48:27', '2025-05-12 06:48:27'),
(772, 2, '2025-05-29 11:00:00', '2025-05-29 11:59:59', 'available', NULL, '2025-05-12 06:48:27', '2025-05-12 06:48:27'),
(773, 2, '2025-05-29 12:00:00', '2025-05-29 12:59:59', 'available', NULL, '2025-05-12 06:48:27', '2025-05-12 06:48:27'),
(774, 2, '2025-05-29 13:00:00', '2025-05-29 13:59:59', 'available', NULL, '2025-05-12 06:48:27', '2025-05-12 06:48:27'),
(775, 2, '2025-05-29 14:00:00', '2025-05-29 14:59:59', 'available', NULL, '2025-05-12 06:48:27', '2025-05-12 06:48:27'),
(776, 2, '2025-05-29 15:00:00', '2025-05-29 15:59:59', 'available', NULL, '2025-05-12 06:48:27', '2025-05-12 06:48:27'),
(777, 2, '2025-05-29 16:00:00', '2025-05-29 16:59:59', 'available', NULL, '2025-05-12 06:48:27', '2025-05-12 06:48:27'),
(778, 2, '2025-05-29 17:00:00', '2025-05-29 17:59:59', 'available', NULL, '2025-05-12 06:48:27', '2025-05-12 06:48:27'),
(779, 2, '2025-05-29 18:00:00', '2025-05-29 18:59:59', 'available', NULL, '2025-05-12 06:48:27', '2025-05-12 06:48:27'),
(780, 2, '2025-05-29 19:00:00', '2025-05-29 19:59:59', 'available', NULL, '2025-05-12 06:48:27', '2025-05-12 06:48:27'),
(781, 2, '2025-05-29 20:00:00', '2025-05-29 20:59:59', 'available', NULL, '2025-05-12 06:48:27', '2025-05-12 06:48:27'),
(782, 2, '2025-05-29 21:00:00', '2025-05-29 21:59:59', 'available', NULL, '2025-05-12 06:48:27', '2025-05-12 06:48:27'),
(783, 2, '2025-05-29 22:00:00', '2025-05-29 22:59:59', 'available', NULL, '2025-05-12 06:48:27', '2025-05-12 06:48:27'),
(784, 2, '2025-05-29 23:00:00', '2025-05-29 23:59:59', 'available', NULL, '2025-05-12 06:48:27', '2025-05-12 06:48:27'),
(785, 2, '2025-05-30 08:00:00', '2025-05-30 08:59:59', 'available', NULL, '2025-05-12 06:48:27', '2025-05-12 06:48:27'),
(786, 2, '2025-05-30 09:00:00', '2025-05-30 09:59:59', 'available', NULL, '2025-05-12 06:48:27', '2025-05-12 06:48:27'),
(787, 2, '2025-05-30 10:00:00', '2025-05-30 10:59:59', 'available', NULL, '2025-05-12 06:48:27', '2025-05-12 06:48:27'),
(788, 2, '2025-05-30 11:00:00', '2025-05-30 11:59:59', 'available', NULL, '2025-05-12 06:48:27', '2025-05-12 06:48:27'),
(789, 2, '2025-05-30 12:00:00', '2025-05-30 12:59:59', 'available', NULL, '2025-05-12 06:48:27', '2025-05-12 06:48:27'),
(790, 2, '2025-05-30 13:00:00', '2025-05-30 13:59:59', 'available', NULL, '2025-05-12 06:48:27', '2025-05-12 06:48:27'),
(791, 2, '2025-05-30 14:00:00', '2025-05-30 14:59:59', 'available', NULL, '2025-05-12 06:48:27', '2025-05-12 06:48:27'),
(792, 2, '2025-05-30 15:00:00', '2025-05-30 15:59:59', 'available', NULL, '2025-05-12 06:48:27', '2025-05-12 06:48:27'),
(793, 2, '2025-05-30 16:00:00', '2025-05-30 16:59:59', 'available', NULL, '2025-05-12 06:48:27', '2025-05-12 06:48:27'),
(794, 2, '2025-05-30 17:00:00', '2025-05-30 17:59:59', 'available', NULL, '2025-05-12 06:48:27', '2025-05-12 06:48:27'),
(795, 2, '2025-05-30 18:00:00', '2025-05-30 18:59:59', 'available', NULL, '2025-05-12 06:48:27', '2025-05-12 06:48:27'),
(796, 2, '2025-05-30 19:00:00', '2025-05-30 19:59:59', 'available', NULL, '2025-05-12 06:48:27', '2025-05-12 06:48:27'),
(797, 2, '2025-05-30 20:00:00', '2025-05-30 20:59:59', 'available', NULL, '2025-05-12 06:48:27', '2025-05-12 06:48:27'),
(798, 2, '2025-05-30 21:00:00', '2025-05-30 21:59:59', 'available', NULL, '2025-05-12 06:48:27', '2025-05-12 06:48:27'),
(799, 2, '2025-05-30 22:00:00', '2025-05-30 22:59:59', 'available', NULL, '2025-05-12 06:48:27', '2025-05-12 06:48:27'),
(800, 2, '2025-05-30 23:00:00', '2025-05-30 23:59:59', 'available', NULL, '2025-05-12 06:48:27', '2025-05-12 06:48:27'),
(801, 2, '2025-05-31 08:00:00', '2025-05-31 08:59:59', 'available', NULL, '2025-05-12 06:48:27', '2025-05-12 06:48:27'),
(802, 2, '2025-05-31 09:00:00', '2025-05-31 09:59:59', 'available', NULL, '2025-05-12 06:48:27', '2025-05-12 06:48:27'),
(803, 2, '2025-05-31 10:00:00', '2025-05-31 10:59:59', 'available', NULL, '2025-05-12 06:48:27', '2025-05-12 06:48:27'),
(804, 2, '2025-05-31 11:00:00', '2025-05-31 11:59:59', 'available', NULL, '2025-05-12 06:48:27', '2025-05-12 06:48:27'),
(805, 2, '2025-05-31 12:00:00', '2025-05-31 12:59:59', 'available', NULL, '2025-05-12 06:48:27', '2025-05-12 06:48:27'),
(806, 2, '2025-05-31 13:00:00', '2025-05-31 13:59:59', 'available', NULL, '2025-05-12 06:48:27', '2025-05-12 06:48:27'),
(807, 2, '2025-05-31 14:00:00', '2025-05-31 14:59:59', 'available', NULL, '2025-05-12 06:48:27', '2025-05-12 06:48:27'),
(808, 2, '2025-05-31 15:00:00', '2025-05-31 15:59:59', 'available', NULL, '2025-05-12 06:48:27', '2025-05-12 06:48:27'),
(809, 2, '2025-05-31 16:00:00', '2025-05-31 16:59:59', 'available', NULL, '2025-05-12 06:48:27', '2025-05-12 06:48:27'),
(810, 2, '2025-05-31 17:00:00', '2025-05-31 17:59:59', 'available', NULL, '2025-05-12 06:48:27', '2025-05-12 06:48:27'),
(811, 2, '2025-05-31 18:00:00', '2025-05-31 18:59:59', 'available', NULL, '2025-05-12 06:48:27', '2025-05-12 06:48:27'),
(812, 2, '2025-05-31 19:00:00', '2025-05-31 19:59:59', 'available', NULL, '2025-05-12 06:48:27', '2025-05-12 06:48:27'),
(813, 2, '2025-05-31 20:00:00', '2025-05-31 20:59:59', 'available', NULL, '2025-05-12 06:48:27', '2025-05-12 06:48:27'),
(814, 2, '2025-05-31 21:00:00', '2025-05-31 21:59:59', 'available', NULL, '2025-05-12 06:48:27', '2025-05-12 06:48:27'),
(815, 2, '2025-05-31 22:00:00', '2025-05-31 22:59:59', 'available', NULL, '2025-05-12 06:48:27', '2025-05-12 06:48:27'),
(816, 2, '2025-05-31 23:00:00', '2025-05-31 23:59:59', 'available', NULL, '2025-05-12 06:48:27', '2025-05-12 06:48:27'),
(817, 2, '2025-06-01 08:00:00', '2025-06-01 08:59:59', 'available', NULL, '2025-05-12 06:48:27', '2025-05-12 06:48:27'),
(818, 2, '2025-06-01 09:00:00', '2025-06-01 09:59:59', 'available', NULL, '2025-05-12 06:48:27', '2025-05-12 06:48:27'),
(819, 2, '2025-06-01 10:00:00', '2025-06-01 10:59:59', 'available', NULL, '2025-05-12 06:48:27', '2025-05-12 06:48:27'),
(820, 2, '2025-06-01 11:00:00', '2025-06-01 11:59:59', 'available', NULL, '2025-05-12 06:48:27', '2025-05-12 06:48:27'),
(821, 2, '2025-06-01 12:00:00', '2025-06-01 12:59:59', 'available', NULL, '2025-05-12 06:48:27', '2025-05-12 06:48:27'),
(822, 2, '2025-06-01 13:00:00', '2025-06-01 13:59:59', 'available', NULL, '2025-05-12 06:48:27', '2025-05-12 06:48:27'),
(823, 2, '2025-06-01 14:00:00', '2025-06-01 14:59:59', 'available', NULL, '2025-05-12 06:48:27', '2025-05-12 06:48:27'),
(824, 2, '2025-06-01 15:00:00', '2025-06-01 15:59:59', 'available', NULL, '2025-05-12 06:48:27', '2025-05-12 06:48:27'),
(825, 2, '2025-06-01 16:00:00', '2025-06-01 16:59:59', 'available', NULL, '2025-05-12 06:48:27', '2025-05-12 06:48:27'),
(826, 2, '2025-06-01 17:00:00', '2025-06-01 17:59:59', 'available', NULL, '2025-05-12 06:48:27', '2025-05-12 06:48:27'),
(827, 2, '2025-06-01 18:00:00', '2025-06-01 18:59:59', 'available', NULL, '2025-05-12 06:48:27', '2025-05-12 06:48:27'),
(828, 2, '2025-06-01 19:00:00', '2025-06-01 19:59:59', 'available', NULL, '2025-05-12 06:48:27', '2025-05-12 06:48:27'),
(829, 2, '2025-06-01 20:00:00', '2025-06-01 20:59:59', 'available', NULL, '2025-05-12 06:48:27', '2025-05-12 06:48:27'),
(830, 2, '2025-06-01 21:00:00', '2025-06-01 21:59:59', 'available', NULL, '2025-05-12 06:48:27', '2025-05-12 06:48:27'),
(831, 2, '2025-06-01 22:00:00', '2025-06-01 22:59:59', 'available', NULL, '2025-05-12 06:48:27', '2025-05-12 06:48:27'),
(832, 2, '2025-06-01 23:00:00', '2025-06-01 23:59:59', 'available', NULL, '2025-05-12 06:48:27', '2025-05-12 06:48:27'),
(833, 2, '2025-06-02 08:00:00', '2025-06-02 08:59:59', 'available', NULL, '2025-05-12 06:48:27', '2025-05-12 06:48:27'),
(834, 2, '2025-06-02 09:00:00', '2025-06-02 09:59:59', 'available', NULL, '2025-05-12 06:48:27', '2025-05-12 06:48:27'),
(835, 2, '2025-06-02 10:00:00', '2025-06-02 10:59:59', 'available', NULL, '2025-05-12 06:48:27', '2025-05-12 06:48:27'),
(836, 2, '2025-06-02 11:00:00', '2025-06-02 11:59:59', 'available', NULL, '2025-05-12 06:48:27', '2025-05-12 06:48:27'),
(837, 2, '2025-06-02 12:00:00', '2025-06-02 12:59:59', 'available', NULL, '2025-05-12 06:48:27', '2025-05-12 06:48:27'),
(838, 2, '2025-06-02 13:00:00', '2025-06-02 13:59:59', 'available', NULL, '2025-05-12 06:48:27', '2025-05-12 06:48:27');
INSERT INTO `schedules` (`id`, `field_id`, `start_time`, `end_time`, `status`, `booked_by_user_id`, `created_at`, `updated_at`) VALUES
(839, 2, '2025-06-02 14:00:00', '2025-06-02 14:59:59', 'available', NULL, '2025-05-12 06:48:27', '2025-05-12 06:48:27'),
(840, 2, '2025-06-02 15:00:00', '2025-06-02 15:59:59', 'available', NULL, '2025-05-12 06:48:27', '2025-05-12 06:48:27'),
(841, 2, '2025-06-02 16:00:00', '2025-06-02 16:59:59', 'available', NULL, '2025-05-12 06:48:27', '2025-05-12 06:48:27'),
(842, 2, '2025-06-02 17:00:00', '2025-06-02 17:59:59', 'available', NULL, '2025-05-12 06:48:27', '2025-05-12 06:48:27'),
(843, 2, '2025-06-02 18:00:00', '2025-06-02 18:59:59', 'available', NULL, '2025-05-12 06:48:27', '2025-05-12 06:48:27'),
(844, 2, '2025-06-02 19:00:00', '2025-06-02 19:59:59', 'available', NULL, '2025-05-12 06:48:27', '2025-05-12 06:48:27'),
(845, 2, '2025-06-02 20:00:00', '2025-06-02 20:59:59', 'available', NULL, '2025-05-12 06:48:27', '2025-05-12 06:48:27'),
(846, 2, '2025-06-02 21:00:00', '2025-06-02 21:59:59', 'available', NULL, '2025-05-12 06:48:27', '2025-05-12 06:48:27'),
(847, 2, '2025-06-02 22:00:00', '2025-06-02 22:59:59', 'available', NULL, '2025-05-12 06:48:27', '2025-05-12 06:48:27'),
(848, 2, '2025-06-02 23:00:00', '2025-06-02 23:59:59', 'available', NULL, '2025-05-12 06:48:27', '2025-05-12 06:48:27'),
(849, 2, '2025-06-03 08:00:00', '2025-06-03 08:59:59', 'available', NULL, '2025-05-12 06:48:27', '2025-05-12 06:48:27'),
(850, 2, '2025-06-03 09:00:00', '2025-06-03 09:59:59', 'available', NULL, '2025-05-12 06:48:27', '2025-05-12 06:48:27'),
(851, 2, '2025-06-03 10:00:00', '2025-06-03 10:59:59', 'available', NULL, '2025-05-12 06:48:27', '2025-05-12 06:48:27'),
(852, 2, '2025-06-03 11:00:00', '2025-06-03 11:59:59', 'available', NULL, '2025-05-12 06:48:27', '2025-05-12 06:48:27'),
(853, 2, '2025-06-03 12:00:00', '2025-06-03 12:59:59', 'available', NULL, '2025-05-12 06:48:27', '2025-05-12 06:48:27'),
(854, 2, '2025-06-03 13:00:00', '2025-06-03 13:59:59', 'available', NULL, '2025-05-12 06:48:27', '2025-05-12 06:48:27'),
(855, 2, '2025-06-03 14:00:00', '2025-06-03 14:59:59', 'available', NULL, '2025-05-12 06:48:27', '2025-05-12 06:48:27'),
(856, 2, '2025-06-03 15:00:00', '2025-06-03 15:59:59', 'available', NULL, '2025-05-12 06:48:27', '2025-05-12 06:48:27'),
(857, 2, '2025-06-03 16:00:00', '2025-06-03 16:59:59', 'available', NULL, '2025-05-12 06:48:27', '2025-05-12 06:48:27'),
(858, 2, '2025-06-03 17:00:00', '2025-06-03 17:59:59', 'available', NULL, '2025-05-12 06:48:27', '2025-05-12 06:48:27'),
(859, 2, '2025-06-03 18:00:00', '2025-06-03 18:59:59', 'available', NULL, '2025-05-12 06:48:27', '2025-05-12 06:48:27'),
(860, 2, '2025-06-03 19:00:00', '2025-06-03 19:59:59', 'available', NULL, '2025-05-12 06:48:27', '2025-05-12 06:48:27'),
(861, 2, '2025-06-03 20:00:00', '2025-06-03 20:59:59', 'available', NULL, '2025-05-12 06:48:27', '2025-05-12 06:48:27'),
(862, 2, '2025-06-03 21:00:00', '2025-06-03 21:59:59', 'available', NULL, '2025-05-12 06:48:27', '2025-05-12 06:48:27'),
(863, 2, '2025-06-03 22:00:00', '2025-06-03 22:59:59', 'available', NULL, '2025-05-12 06:48:27', '2025-05-12 06:48:27'),
(864, 2, '2025-06-03 23:00:00', '2025-06-03 23:59:59', 'available', NULL, '2025-05-12 06:48:27', '2025-05-12 06:48:27'),
(865, 2, '2025-06-04 08:00:00', '2025-06-04 08:59:59', 'available', NULL, '2025-05-12 06:48:27', '2025-05-12 06:48:27'),
(866, 2, '2025-06-04 09:00:00', '2025-06-04 09:59:59', 'available', NULL, '2025-05-12 06:48:27', '2025-05-12 06:48:27'),
(867, 2, '2025-06-04 10:00:00', '2025-06-04 10:59:59', 'available', NULL, '2025-05-12 06:48:27', '2025-05-12 06:48:27'),
(868, 2, '2025-06-04 11:00:00', '2025-06-04 11:59:59', 'available', NULL, '2025-05-12 06:48:27', '2025-05-12 06:48:27'),
(869, 2, '2025-06-04 12:00:00', '2025-06-04 12:59:59', 'available', NULL, '2025-05-12 06:48:27', '2025-05-12 06:48:27'),
(870, 2, '2025-06-04 13:00:00', '2025-06-04 13:59:59', 'available', NULL, '2025-05-12 06:48:27', '2025-05-12 06:48:27'),
(871, 2, '2025-06-04 14:00:00', '2025-06-04 14:59:59', 'available', NULL, '2025-05-12 06:48:27', '2025-05-12 06:48:27'),
(872, 2, '2025-06-04 15:00:00', '2025-06-04 15:59:59', 'available', NULL, '2025-05-12 06:48:27', '2025-05-12 06:48:27'),
(873, 2, '2025-06-04 16:00:00', '2025-06-04 16:59:59', 'available', NULL, '2025-05-12 06:48:27', '2025-05-12 06:48:27'),
(874, 2, '2025-06-04 17:00:00', '2025-06-04 17:59:59', 'available', NULL, '2025-05-12 06:48:27', '2025-05-12 06:48:27'),
(875, 2, '2025-06-04 18:00:00', '2025-06-04 18:59:59', 'available', NULL, '2025-05-12 06:48:27', '2025-05-12 06:48:27'),
(876, 2, '2025-06-04 19:00:00', '2025-06-04 19:59:59', 'available', NULL, '2025-05-12 06:48:27', '2025-05-12 06:48:27'),
(877, 2, '2025-06-04 20:00:00', '2025-06-04 20:59:59', 'available', NULL, '2025-05-12 06:48:27', '2025-05-12 06:48:27'),
(878, 2, '2025-06-04 21:00:00', '2025-06-04 21:59:59', 'available', NULL, '2025-05-12 06:48:27', '2025-05-12 06:48:27'),
(879, 2, '2025-06-04 22:00:00', '2025-06-04 22:59:59', 'available', NULL, '2025-05-12 06:48:27', '2025-05-12 06:48:27'),
(880, 2, '2025-06-04 23:00:00', '2025-06-04 23:59:59', 'available', NULL, '2025-05-12 06:48:27', '2025-05-12 06:48:27'),
(881, 2, '2025-06-05 08:00:00', '2025-06-05 08:59:59', 'available', NULL, '2025-05-12 06:48:27', '2025-05-12 06:48:27'),
(882, 2, '2025-06-05 09:00:00', '2025-06-05 09:59:59', 'available', NULL, '2025-05-12 06:48:27', '2025-05-12 06:48:27'),
(883, 2, '2025-06-05 10:00:00', '2025-06-05 10:59:59', 'available', NULL, '2025-05-12 06:48:27', '2025-05-12 06:48:27'),
(884, 2, '2025-06-05 11:00:00', '2025-06-05 11:59:59', 'available', NULL, '2025-05-12 06:48:27', '2025-05-12 06:48:27'),
(885, 2, '2025-06-05 12:00:00', '2025-06-05 12:59:59', 'available', NULL, '2025-05-12 06:48:27', '2025-05-12 06:48:27'),
(886, 2, '2025-06-05 13:00:00', '2025-06-05 13:59:59', 'available', NULL, '2025-05-12 06:48:27', '2025-05-12 06:48:27'),
(887, 2, '2025-06-05 14:00:00', '2025-06-05 14:59:59', 'available', NULL, '2025-05-12 06:48:27', '2025-05-12 06:48:27'),
(888, 2, '2025-06-05 15:00:00', '2025-06-05 15:59:59', 'available', NULL, '2025-05-12 06:48:27', '2025-05-12 06:48:27'),
(889, 2, '2025-06-05 16:00:00', '2025-06-05 16:59:59', 'available', NULL, '2025-05-12 06:48:27', '2025-05-12 06:48:27'),
(890, 2, '2025-06-05 17:00:00', '2025-06-05 17:59:59', 'available', NULL, '2025-05-12 06:48:27', '2025-05-12 06:48:27'),
(891, 2, '2025-06-05 18:00:00', '2025-06-05 18:59:59', 'available', NULL, '2025-05-12 06:48:27', '2025-05-12 06:48:27'),
(892, 2, '2025-06-05 19:00:00', '2025-06-05 19:59:59', 'available', NULL, '2025-05-12 06:48:27', '2025-05-12 06:48:27'),
(893, 2, '2025-06-05 20:00:00', '2025-06-05 20:59:59', 'available', NULL, '2025-05-12 06:48:27', '2025-05-12 06:48:27'),
(894, 2, '2025-06-05 21:00:00', '2025-06-05 21:59:59', 'available', NULL, '2025-05-12 06:48:27', '2025-05-12 06:48:27'),
(895, 2, '2025-06-05 22:00:00', '2025-06-05 22:59:59', 'available', NULL, '2025-05-12 06:48:27', '2025-05-12 06:48:27'),
(896, 2, '2025-06-05 23:00:00', '2025-06-05 23:59:59', 'available', NULL, '2025-05-12 06:48:27', '2025-05-12 06:48:27'),
(897, 2, '2025-06-06 08:00:00', '2025-06-06 08:59:59', 'available', NULL, '2025-05-12 06:48:27', '2025-05-12 06:48:27'),
(898, 2, '2025-06-06 09:00:00', '2025-06-06 09:59:59', 'available', NULL, '2025-05-12 06:48:27', '2025-05-12 06:48:27'),
(899, 2, '2025-06-06 10:00:00', '2025-06-06 10:59:59', 'available', NULL, '2025-05-12 06:48:27', '2025-05-12 06:48:27'),
(900, 2, '2025-06-06 11:00:00', '2025-06-06 11:59:59', 'available', NULL, '2025-05-12 06:48:27', '2025-05-12 06:48:27'),
(901, 2, '2025-06-06 12:00:00', '2025-06-06 12:59:59', 'available', NULL, '2025-05-12 06:48:27', '2025-05-12 06:48:27'),
(902, 2, '2025-06-06 13:00:00', '2025-06-06 13:59:59', 'available', NULL, '2025-05-12 06:48:27', '2025-05-12 06:48:27'),
(903, 2, '2025-06-06 14:00:00', '2025-06-06 14:59:59', 'available', NULL, '2025-05-12 06:48:27', '2025-05-12 06:48:27'),
(904, 2, '2025-06-06 15:00:00', '2025-06-06 15:59:59', 'available', NULL, '2025-05-12 06:48:27', '2025-05-12 06:48:27'),
(905, 2, '2025-06-06 16:00:00', '2025-06-06 16:59:59', 'available', NULL, '2025-05-12 06:48:27', '2025-05-12 06:48:27'),
(906, 2, '2025-06-06 17:00:00', '2025-06-06 17:59:59', 'available', NULL, '2025-05-12 06:48:27', '2025-05-12 06:48:27'),
(907, 2, '2025-06-06 18:00:00', '2025-06-06 18:59:59', 'available', NULL, '2025-05-12 06:48:27', '2025-05-12 06:48:27'),
(908, 2, '2025-06-06 19:00:00', '2025-06-06 19:59:59', 'available', NULL, '2025-05-12 06:48:27', '2025-05-12 06:48:27'),
(909, 2, '2025-06-06 20:00:00', '2025-06-06 20:59:59', 'available', NULL, '2025-05-12 06:48:27', '2025-05-12 06:48:27'),
(910, 2, '2025-06-06 21:00:00', '2025-06-06 21:59:59', 'available', NULL, '2025-05-12 06:48:27', '2025-05-12 06:48:27'),
(911, 2, '2025-06-06 22:00:00', '2025-06-06 22:59:59', 'available', NULL, '2025-05-12 06:48:27', '2025-05-12 06:48:27'),
(912, 2, '2025-06-06 23:00:00', '2025-06-06 23:59:59', 'available', NULL, '2025-05-12 06:48:27', '2025-05-12 06:48:27'),
(913, 2, '2025-06-07 08:00:00', '2025-06-07 08:59:59', 'available', NULL, '2025-05-12 06:48:27', '2025-05-12 06:48:27'),
(914, 2, '2025-06-07 09:00:00', '2025-06-07 09:59:59', 'available', NULL, '2025-05-12 06:48:27', '2025-05-12 06:48:27'),
(915, 2, '2025-06-07 10:00:00', '2025-06-07 10:59:59', 'available', NULL, '2025-05-12 06:48:27', '2025-05-12 06:48:27'),
(916, 2, '2025-06-07 11:00:00', '2025-06-07 11:59:59', 'available', NULL, '2025-05-12 06:48:27', '2025-05-12 06:48:27'),
(917, 2, '2025-06-07 12:00:00', '2025-06-07 12:59:59', 'available', NULL, '2025-05-12 06:48:27', '2025-05-12 06:48:27'),
(918, 2, '2025-06-07 13:00:00', '2025-06-07 13:59:59', 'available', NULL, '2025-05-12 06:48:27', '2025-05-12 06:48:27'),
(919, 2, '2025-06-07 14:00:00', '2025-06-07 14:59:59', 'available', NULL, '2025-05-12 06:48:27', '2025-05-12 06:48:27'),
(920, 2, '2025-06-07 15:00:00', '2025-06-07 15:59:59', 'available', NULL, '2025-05-12 06:48:27', '2025-05-12 06:48:27'),
(921, 2, '2025-06-07 16:00:00', '2025-06-07 16:59:59', 'available', NULL, '2025-05-12 06:48:27', '2025-05-12 06:48:27'),
(922, 2, '2025-06-07 17:00:00', '2025-06-07 17:59:59', 'available', NULL, '2025-05-12 06:48:27', '2025-05-12 06:48:27'),
(923, 2, '2025-06-07 18:00:00', '2025-06-07 18:59:59', 'available', NULL, '2025-05-12 06:48:27', '2025-05-12 06:48:27'),
(924, 2, '2025-06-07 19:00:00', '2025-06-07 19:59:59', 'available', NULL, '2025-05-12 06:48:27', '2025-05-12 06:48:27'),
(925, 2, '2025-06-07 20:00:00', '2025-06-07 20:59:59', 'available', NULL, '2025-05-12 06:48:27', '2025-05-12 06:48:27'),
(926, 2, '2025-06-07 21:00:00', '2025-06-07 21:59:59', 'available', NULL, '2025-05-12 06:48:27', '2025-05-12 06:48:27'),
(927, 2, '2025-06-07 22:00:00', '2025-06-07 22:59:59', 'available', NULL, '2025-05-12 06:48:27', '2025-05-12 06:48:27'),
(928, 2, '2025-06-07 23:00:00', '2025-06-07 23:59:59', 'available', NULL, '2025-05-12 06:48:27', '2025-05-12 06:48:27'),
(929, 2, '2025-06-08 08:00:00', '2025-06-08 08:59:59', 'available', NULL, '2025-05-12 06:48:27', '2025-05-12 06:48:27'),
(930, 2, '2025-06-08 09:00:00', '2025-06-08 09:59:59', 'available', NULL, '2025-05-12 06:48:27', '2025-05-12 06:48:27'),
(931, 2, '2025-06-08 10:00:00', '2025-06-08 10:59:59', 'available', NULL, '2025-05-12 06:48:27', '2025-05-12 06:48:27'),
(932, 2, '2025-06-08 11:00:00', '2025-06-08 11:59:59', 'available', NULL, '2025-05-12 06:48:27', '2025-05-12 06:48:27'),
(933, 2, '2025-06-08 12:00:00', '2025-06-08 12:59:59', 'available', NULL, '2025-05-12 06:48:27', '2025-05-12 06:48:27'),
(934, 2, '2025-06-08 13:00:00', '2025-06-08 13:59:59', 'available', NULL, '2025-05-12 06:48:27', '2025-05-12 06:48:27'),
(935, 2, '2025-06-08 14:00:00', '2025-06-08 14:59:59', 'available', NULL, '2025-05-12 06:48:27', '2025-05-12 06:48:27'),
(936, 2, '2025-06-08 15:00:00', '2025-06-08 15:59:59', 'available', NULL, '2025-05-12 06:48:27', '2025-05-12 06:48:27'),
(937, 2, '2025-06-08 16:00:00', '2025-06-08 16:59:59', 'available', NULL, '2025-05-12 06:48:27', '2025-05-12 06:48:27'),
(938, 2, '2025-06-08 17:00:00', '2025-06-08 17:59:59', 'available', NULL, '2025-05-12 06:48:27', '2025-05-12 06:48:27'),
(939, 2, '2025-06-08 18:00:00', '2025-06-08 18:59:59', 'available', NULL, '2025-05-12 06:48:27', '2025-05-12 06:48:27'),
(940, 2, '2025-06-08 19:00:00', '2025-06-08 19:59:59', 'available', NULL, '2025-05-12 06:48:27', '2025-05-12 06:48:27'),
(941, 2, '2025-06-08 20:00:00', '2025-06-08 20:59:59', 'available', NULL, '2025-05-12 06:48:27', '2025-05-12 06:48:27'),
(942, 2, '2025-06-08 21:00:00', '2025-06-08 21:59:59', 'available', NULL, '2025-05-12 06:48:27', '2025-05-12 06:48:27'),
(943, 2, '2025-06-08 22:00:00', '2025-06-08 22:59:59', 'available', NULL, '2025-05-12 06:48:27', '2025-05-12 06:48:27'),
(944, 2, '2025-06-08 23:00:00', '2025-06-08 23:59:59', 'available', NULL, '2025-05-12 06:48:27', '2025-05-12 06:48:27'),
(945, 2, '2025-06-09 08:00:00', '2025-06-09 08:59:59', 'available', NULL, '2025-05-12 06:48:27', '2025-05-12 06:48:27'),
(946, 2, '2025-06-09 09:00:00', '2025-06-09 09:59:59', 'available', NULL, '2025-05-12 06:48:27', '2025-05-12 06:48:27'),
(947, 2, '2025-06-09 10:00:00', '2025-06-09 10:59:59', 'available', NULL, '2025-05-12 06:48:27', '2025-05-12 06:48:27'),
(948, 2, '2025-06-09 11:00:00', '2025-06-09 11:59:59', 'available', NULL, '2025-05-12 06:48:27', '2025-05-12 06:48:27'),
(949, 2, '2025-06-09 12:00:00', '2025-06-09 12:59:59', 'available', NULL, '2025-05-12 06:48:27', '2025-05-12 06:48:27'),
(950, 2, '2025-06-09 13:00:00', '2025-06-09 13:59:59', 'available', NULL, '2025-05-12 06:48:27', '2025-05-12 06:48:27'),
(951, 2, '2025-06-09 14:00:00', '2025-06-09 14:59:59', 'available', NULL, '2025-05-12 06:48:27', '2025-05-12 06:48:27'),
(952, 2, '2025-06-09 15:00:00', '2025-06-09 15:59:59', 'available', NULL, '2025-05-12 06:48:27', '2025-05-12 06:48:27'),
(953, 2, '2025-06-09 16:00:00', '2025-06-09 16:59:59', 'available', NULL, '2025-05-12 06:48:27', '2025-05-12 06:48:27'),
(954, 2, '2025-06-09 17:00:00', '2025-06-09 17:59:59', 'available', NULL, '2025-05-12 06:48:27', '2025-05-12 06:48:27'),
(955, 2, '2025-06-09 18:00:00', '2025-06-09 18:59:59', 'available', NULL, '2025-05-12 06:48:27', '2025-05-12 06:48:27'),
(956, 2, '2025-06-09 19:00:00', '2025-06-09 19:59:59', 'available', NULL, '2025-05-12 06:48:27', '2025-05-12 06:48:27'),
(957, 2, '2025-06-09 20:00:00', '2025-06-09 20:59:59', 'available', NULL, '2025-05-12 06:48:27', '2025-05-12 06:48:27'),
(958, 2, '2025-06-09 21:00:00', '2025-06-09 21:59:59', 'available', NULL, '2025-05-12 06:48:27', '2025-05-12 06:48:27'),
(959, 2, '2025-06-09 22:00:00', '2025-06-09 22:59:59', 'available', NULL, '2025-05-12 06:48:27', '2025-05-12 06:48:27'),
(960, 2, '2025-06-09 23:00:00', '2025-06-09 23:59:59', 'available', NULL, '2025-05-12 06:48:27', '2025-05-12 06:48:27'),
(961, 2, '2025-06-10 08:00:00', '2025-06-10 08:59:59', 'available', NULL, '2025-05-12 06:48:27', '2025-05-12 06:48:27'),
(962, 2, '2025-06-10 09:00:00', '2025-06-10 09:59:59', 'available', NULL, '2025-05-12 06:48:27', '2025-05-12 06:48:27'),
(963, 2, '2025-06-10 10:00:00', '2025-06-10 10:59:59', 'available', NULL, '2025-05-12 06:48:27', '2025-05-12 06:48:27'),
(964, 2, '2025-06-10 11:00:00', '2025-06-10 11:59:59', 'available', NULL, '2025-05-12 06:48:27', '2025-05-12 06:48:27'),
(965, 2, '2025-06-10 12:00:00', '2025-06-10 12:59:59', 'available', NULL, '2025-05-12 06:48:27', '2025-05-12 06:48:27'),
(966, 2, '2025-06-10 13:00:00', '2025-06-10 13:59:59', 'available', NULL, '2025-05-12 06:48:27', '2025-05-12 06:48:27'),
(967, 2, '2025-06-10 14:00:00', '2025-06-10 14:59:59', 'available', NULL, '2025-05-12 06:48:27', '2025-05-12 06:48:27'),
(968, 2, '2025-06-10 15:00:00', '2025-06-10 15:59:59', 'available', NULL, '2025-05-12 06:48:27', '2025-05-12 06:48:27'),
(969, 2, '2025-06-10 16:00:00', '2025-06-10 16:59:59', 'available', NULL, '2025-05-12 06:48:27', '2025-05-12 06:48:27'),
(970, 2, '2025-06-10 17:00:00', '2025-06-10 17:59:59', 'available', NULL, '2025-05-12 06:48:27', '2025-05-12 06:48:27'),
(971, 2, '2025-06-10 18:00:00', '2025-06-10 18:59:59', 'available', NULL, '2025-05-12 06:48:27', '2025-05-12 06:48:27'),
(972, 2, '2025-06-10 19:00:00', '2025-06-10 19:59:59', 'available', NULL, '2025-05-12 06:48:27', '2025-05-12 06:48:27'),
(973, 2, '2025-06-10 20:00:00', '2025-06-10 20:59:59', 'available', NULL, '2025-05-12 06:48:27', '2025-05-12 06:48:27'),
(974, 2, '2025-06-10 21:00:00', '2025-06-10 21:59:59', 'available', NULL, '2025-05-12 06:48:27', '2025-05-12 06:48:27'),
(975, 2, '2025-06-10 22:00:00', '2025-06-10 22:59:59', 'available', NULL, '2025-05-12 06:48:27', '2025-05-12 06:48:27'),
(976, 2, '2025-06-10 23:00:00', '2025-06-10 23:59:59', 'available', NULL, '2025-05-12 06:48:27', '2025-05-12 06:48:27'),
(977, 2, '2025-06-11 08:00:00', '2025-06-11 08:59:59', 'available', NULL, '2025-05-12 06:48:27', '2025-05-12 06:48:27'),
(978, 2, '2025-06-11 09:00:00', '2025-06-11 09:59:59', 'available', NULL, '2025-05-12 06:48:27', '2025-05-12 06:48:27'),
(979, 2, '2025-06-11 10:00:00', '2025-06-11 10:59:59', 'available', NULL, '2025-05-12 06:48:27', '2025-05-12 06:48:27'),
(980, 2, '2025-06-11 11:00:00', '2025-06-11 11:59:59', 'available', NULL, '2025-05-12 06:48:27', '2025-05-12 06:48:27'),
(981, 2, '2025-06-11 12:00:00', '2025-06-11 12:59:59', 'available', NULL, '2025-05-12 06:48:27', '2025-05-12 06:48:27'),
(982, 2, '2025-06-11 13:00:00', '2025-06-11 13:59:59', 'available', NULL, '2025-05-12 06:48:27', '2025-05-12 06:48:27'),
(983, 2, '2025-06-11 14:00:00', '2025-06-11 14:59:59', 'available', NULL, '2025-05-12 06:48:27', '2025-05-12 06:48:27'),
(984, 2, '2025-06-11 15:00:00', '2025-06-11 15:59:59', 'available', NULL, '2025-05-12 06:48:27', '2025-05-12 06:48:27'),
(985, 2, '2025-06-11 16:00:00', '2025-06-11 16:59:59', 'available', NULL, '2025-05-12 06:48:27', '2025-05-12 06:48:27'),
(986, 2, '2025-06-11 17:00:00', '2025-06-11 17:59:59', 'available', NULL, '2025-05-12 06:48:27', '2025-05-12 06:48:27'),
(987, 2, '2025-06-11 18:00:00', '2025-06-11 18:59:59', 'available', NULL, '2025-05-12 06:48:27', '2025-05-12 06:48:27'),
(988, 2, '2025-06-11 19:00:00', '2025-06-11 19:59:59', 'available', NULL, '2025-05-12 06:48:27', '2025-05-12 06:48:27'),
(989, 2, '2025-06-11 20:00:00', '2025-06-11 20:59:59', 'available', NULL, '2025-05-12 06:48:27', '2025-05-12 06:48:27'),
(990, 2, '2025-06-11 21:00:00', '2025-06-11 21:59:59', 'available', NULL, '2025-05-12 06:48:27', '2025-05-12 06:48:27'),
(991, 2, '2025-06-11 22:00:00', '2025-06-11 22:59:59', 'available', NULL, '2025-05-12 06:48:27', '2025-05-12 06:48:27'),
(992, 2, '2025-06-11 23:00:00', '2025-06-11 23:59:59', 'available', NULL, '2025-05-12 06:48:27', '2025-05-12 06:48:27');

-- --------------------------------------------------------

--
-- Table structure for table `sessions`
--

CREATE TABLE `sessions` (
  `id` varchar(255) NOT NULL,
  `user_id` bigint(20) UNSIGNED DEFAULT NULL,
  `ip_address` varchar(45) DEFAULT NULL,
  `user_agent` text DEFAULT NULL,
  `payload` longtext NOT NULL,
  `last_activity` int(11) NOT NULL
) ENGINE=InnoDB DEFAULT CHARSET=utf8mb4 COLLATE=utf8mb4_unicode_ci;

--
-- Dumping data for table `sessions`
--

INSERT INTO `sessions` (`id`, `user_id`, `ip_address`, `user_agent`, `payload`, `last_activity`) VALUES
('7yLw9U7M8tVGFoT6fvBGjAUTpIdTSRSgNKTZKaHI', 2, '127.0.0.1', 'Mozilla/5.0 (Windows NT 10.0; Win64; x64) AppleWebKit/537.36 (KHTML, like Gecko) Chrome/136.0.0.0 Safari/537.36', 'YTo0OntzOjY6Il90b2tlbiI7czo0MDoid1c4S3NnY0hHandaenJmRWNhS0ZJbDBkOVdNWWxXVDBRbHM2ZldvcCI7czo2OiJfZmxhc2giO2E6Mjp7czozOiJvbGQiO2E6MDp7fXM6MzoibmV3IjthOjA6e319czo5OiJfcHJldmlvdXMiO2E6MTp7czozOiJ1cmwiO3M6MjE6Imh0dHA6Ly8xMjcuMC4wLjE6ODAwMCI7fXM6NTA6ImxvZ2luX3dlYl81OWJhMzZhZGRjMmIyZjk0MDE1ODBmMDE0YzdmNThlYTRlMzA5ODlkIjtpOjI7fQ==', 1747059120),
('fnFm1VPyclNDtVUvq2T7I8drYHxaVk12VOPkrgie', 1, '127.0.0.1', 'Mozilla/5.0 (Windows NT 10.0; Win64; x64) AppleWebKit/537.36 (KHTML, like Gecko) Chrome/136.0.0.0 Safari/537.36', 'YTo2OntzOjY6Il90b2tlbiI7czo0MDoiM1VLRnNrZHdVQjhMV1FDUkVaSVMyakZqSlI1M2pLSVlBNmpGbDE5eSI7czo5OiJfcHJldmlvdXMiO2E6MTp7czozOiJ1cmwiO3M6Mjc6Imh0dHA6Ly8xMjcuMC4wLjE6ODAwMC9hZG1pbiI7fXM6NjoiX2ZsYXNoIjthOjI6e3M6Mzoib2xkIjthOjA6e31zOjM6Im5ldyI7YTowOnt9fXM6NTA6ImxvZ2luX3dlYl81OWJhMzZhZGRjMmIyZjk0MDE1ODBmMDE0YzdmNThlYTRlMzA5ODlkIjtpOjE7czoxNzoicGFzc3dvcmRfaGFzaF93ZWIiO3M6NjA6IiQyeSQxMiRwQWVwaEo1ZVBvVEN2NlpvMDNWS3l1Yk4uUUNlWTB5RU9wYk9ndGhDVnNmZUdFZEJiM0NqNiI7czo4OiJmaWxhbWVudCI7YTowOnt9fQ==', 1747059153);

-- --------------------------------------------------------

--
-- Table structure for table `users`
--

CREATE TABLE `users` (
  `id` bigint(20) UNSIGNED NOT NULL,
  `name` varchar(255) NOT NULL,
  `email` varchar(255) NOT NULL,
  `role` enum('admin','owner','user','member') NOT NULL DEFAULT 'user',
  `email_verified_at` timestamp NULL DEFAULT NULL,
  `password` varchar(255) NOT NULL,
  `remember_token` varchar(100) DEFAULT NULL,
  `created_at` timestamp NULL DEFAULT NULL,
  `updated_at` timestamp NULL DEFAULT NULL,
  `phone` varchar(255) DEFAULT NULL
) ENGINE=InnoDB DEFAULT CHARSET=utf8mb4 COLLATE=utf8mb4_unicode_ci;

--
-- Dumping data for table `users`
--

INSERT INTO `users` (`id`, `name`, `email`, `role`, `email_verified_at`, `password`, `remember_token`, `created_at`, `updated_at`, `phone`) VALUES
(1, 'Ramsy', 'ramsy@sipelem.com', 'owner', NULL, '$2y$12$pAephJ5ePoTCv6Zo03VKyubN.QCeY0yEOpbOgthCVsfeGEdBb3Cj6', NULL, '2025-05-12 06:43:51', '2025-05-12 06:43:51', NULL),
(2, 'test', 'test@gmail.com', 'user', NULL, '$2y$12$LtiLEetf6W7OKpw0Rfp/UelSQ0AXsXsMtf4kiT.oW9RNsW9F.rU3O', NULL, '2025-05-12 07:08:49', '2025-05-12 07:08:49', '0891726281928');

-- --------------------------------------------------------

--
-- Table structure for table `user_memberships`
--

CREATE TABLE `user_memberships` (
  `id` bigint(20) UNSIGNED NOT NULL,
  `user_id` bigint(20) UNSIGNED NOT NULL,
  `membership_id` bigint(20) UNSIGNED NOT NULL,
  `field_id` bigint(20) UNSIGNED NOT NULL,
  `booking_time` time NOT NULL,
  `day_of_week` varchar(255) NOT NULL,
  `start_date` date NOT NULL,
  `end_date` date NOT NULL,
  `status` enum('active','expired') NOT NULL DEFAULT 'active',
  `created_at` timestamp NULL DEFAULT NULL,
  `updated_at` timestamp NULL DEFAULT NULL,
  `order_id` varchar(255) NOT NULL
) ENGINE=InnoDB DEFAULT CHARSET=utf8mb4 COLLATE=utf8mb4_unicode_ci;

--
-- Indexes for dumped tables
--

--
-- Indexes for table `bookings`
--
ALTER TABLE `bookings`
  ADD PRIMARY KEY (`id`),
  ADD KEY `bookings_user_id_foreign` (`user_id`),
  ADD KEY `bookings_field_id_foreign` (`field_id`);

--
-- Indexes for table `cache`
--
ALTER TABLE `cache`
  ADD PRIMARY KEY (`key`);

--
-- Indexes for table `cache_locks`
--
ALTER TABLE `cache_locks`
  ADD PRIMARY KEY (`key`);

--
-- Indexes for table `failed_jobs`
--
ALTER TABLE `failed_jobs`
  ADD PRIMARY KEY (`id`),
  ADD UNIQUE KEY `failed_jobs_uuid_unique` (`uuid`);

--
-- Indexes for table `fields`
--
ALTER TABLE `fields`
  ADD PRIMARY KEY (`id`);

--
-- Indexes for table `income_reports`
--
ALTER TABLE `income_reports`
  ADD PRIMARY KEY (`id`);

--
-- Indexes for table `jobs`
--
ALTER TABLE `jobs`
  ADD PRIMARY KEY (`id`),
  ADD KEY `jobs_queue_index` (`queue`);

--
-- Indexes for table `job_batches`
--
ALTER TABLE `job_batches`
  ADD PRIMARY KEY (`id`);

--
-- Indexes for table `memberships`
--
ALTER TABLE `memberships`
  ADD PRIMARY KEY (`id`),
  ADD UNIQUE KEY `memberships_name_unique` (`name`);

--
-- Indexes for table `migrations`
--
ALTER TABLE `migrations`
  ADD PRIMARY KEY (`id`);

--
-- Indexes for table `password_reset_tokens`
--
ALTER TABLE `password_reset_tokens`
  ADD PRIMARY KEY (`email`);

--
-- Indexes for table `payments`
--
ALTER TABLE `payments`
  ADD PRIMARY KEY (`id`),
  ADD UNIQUE KEY `payments_order_id_unique` (`order_id`),
  ADD KEY `payments_user_id_foreign` (`user_id`);

--
-- Indexes for table `schedules`
--
ALTER TABLE `schedules`
  ADD PRIMARY KEY (`id`),
  ADD KEY `schedules_booked_by_user_id_foreign` (`booked_by_user_id`),
  ADD KEY `schedules_field_time_index` (`field_id`,`start_time`),
  ADD KEY `schedules_status_index` (`status`);

--
-- Indexes for table `sessions`
--
ALTER TABLE `sessions`
  ADD PRIMARY KEY (`id`),
  ADD KEY `sessions_user_id_index` (`user_id`),
  ADD KEY `sessions_last_activity_index` (`last_activity`);

--
-- Indexes for table `users`
--
ALTER TABLE `users`
  ADD PRIMARY KEY (`id`),
  ADD UNIQUE KEY `users_email_unique` (`email`),
  ADD UNIQUE KEY `users_phone_unique` (`phone`);

--
-- Indexes for table `user_memberships`
--
ALTER TABLE `user_memberships`
  ADD PRIMARY KEY (`id`),
  ADD UNIQUE KEY `user_memberships_order_id_unique` (`order_id`),
  ADD KEY `user_memberships_user_id_foreign` (`user_id`),
  ADD KEY `user_memberships_membership_id_foreign` (`membership_id`),
  ADD KEY `user_memberships_field_id_foreign` (`field_id`);

--
-- AUTO_INCREMENT for dumped tables
--

--
-- AUTO_INCREMENT for table `bookings`
--
ALTER TABLE `bookings`
  MODIFY `id` bigint(20) UNSIGNED NOT NULL AUTO_INCREMENT, AUTO_INCREMENT=2;

--
-- AUTO_INCREMENT for table `failed_jobs`
--
ALTER TABLE `failed_jobs`
  MODIFY `id` bigint(20) UNSIGNED NOT NULL AUTO_INCREMENT;

--
-- AUTO_INCREMENT for table `fields`
--
ALTER TABLE `fields`
  MODIFY `id` bigint(20) UNSIGNED NOT NULL AUTO_INCREMENT, AUTO_INCREMENT=3;

--
-- AUTO_INCREMENT for table `income_reports`
--
ALTER TABLE `income_reports`
  MODIFY `id` bigint(20) UNSIGNED NOT NULL AUTO_INCREMENT;

--
-- AUTO_INCREMENT for table `jobs`
--
ALTER TABLE `jobs`
  MODIFY `id` bigint(20) UNSIGNED NOT NULL AUTO_INCREMENT;

--
-- AUTO_INCREMENT for table `memberships`
--
ALTER TABLE `memberships`
  MODIFY `id` bigint(20) UNSIGNED NOT NULL AUTO_INCREMENT, AUTO_INCREMENT=3;

--
-- AUTO_INCREMENT for table `migrations`
--
ALTER TABLE `migrations`
  MODIFY `id` int(10) UNSIGNED NOT NULL AUTO_INCREMENT, AUTO_INCREMENT=12;

--
-- AUTO_INCREMENT for table `payments`
--
ALTER TABLE `payments`
  MODIFY `id` bigint(20) UNSIGNED NOT NULL AUTO_INCREMENT, AUTO_INCREMENT=2;

--
-- AUTO_INCREMENT for table `schedules`
--
ALTER TABLE `schedules`
  MODIFY `id` bigint(20) UNSIGNED NOT NULL AUTO_INCREMENT, AUTO_INCREMENT=993;

--
-- AUTO_INCREMENT for table `users`
--
ALTER TABLE `users`
  MODIFY `id` bigint(20) UNSIGNED NOT NULL AUTO_INCREMENT, AUTO_INCREMENT=3;

--
-- AUTO_INCREMENT for table `user_memberships`
--
ALTER TABLE `user_memberships`
  MODIFY `id` bigint(20) UNSIGNED NOT NULL AUTO_INCREMENT;

--
-- Constraints for dumped tables
--

--
-- Constraints for table `bookings`
--
ALTER TABLE `bookings`
  ADD CONSTRAINT `bookings_field_id_foreign` FOREIGN KEY (`field_id`) REFERENCES `fields` (`id`) ON DELETE CASCADE,
  ADD CONSTRAINT `bookings_user_id_foreign` FOREIGN KEY (`user_id`) REFERENCES `users` (`id`) ON DELETE CASCADE;

--
-- Constraints for table `payments`
--
ALTER TABLE `payments`
  ADD CONSTRAINT `payments_user_id_foreign` FOREIGN KEY (`user_id`) REFERENCES `users` (`id`) ON DELETE CASCADE;

--
-- Constraints for table `schedules`
--
ALTER TABLE `schedules`
  ADD CONSTRAINT `schedules_booked_by_user_id_foreign` FOREIGN KEY (`booked_by_user_id`) REFERENCES `users` (`id`) ON DELETE SET NULL,
  ADD CONSTRAINT `schedules_field_id_foreign` FOREIGN KEY (`field_id`) REFERENCES `fields` (`id`) ON DELETE CASCADE;

--
-- Constraints for table `user_memberships`
--
ALTER TABLE `user_memberships`
  ADD CONSTRAINT `user_memberships_field_id_foreign` FOREIGN KEY (`field_id`) REFERENCES `fields` (`id`) ON DELETE CASCADE,
  ADD CONSTRAINT `user_memberships_membership_id_foreign` FOREIGN KEY (`membership_id`) REFERENCES `memberships` (`id`) ON DELETE CASCADE,
  ADD CONSTRAINT `user_memberships_user_id_foreign` FOREIGN KEY (`user_id`) REFERENCES `users` (`id`) ON DELETE CASCADE;
COMMIT;

/*!40101 SET CHARACTER_SET_CLIENT=@OLD_CHARACTER_SET_CLIENT */;
/*!40101 SET CHARACTER_SET_RESULTS=@OLD_CHARACTER_SET_RESULTS */;
/*!40101 SET COLLATION_CONNECTION=@OLD_COLLATION_CONNECTION */;
